signal_class,source,edition_a,edition_b,year_a,year_b,same_player_pairs,source_population_mean_drift_b_minus_a,population_ks_2sample,population_wasserstein1_quantile_grid_201,raw_column_count_delta,edition_row_count_delta,paired_player_mean_delta,paired_player_median_delta,paired_increase_pct,paired_unchanged_pct,paired_decrease_pct,guard_direction_proxy,paired_share_following_proxy_guard,paired_share_opposing_proxy_guard,position_label_columns_observed,breakpoint_interpretation,rule_evidence
adjacent-player-and-population-change,Mzafram SoFIFA,FIFA07,FIFA08,2007,2008,8087,-1.0050689350875572,0.05091904138397357,1.0246268656716417,0,1893,0.748979844194386,0.0,0.352417,0.390503,0.257079,upward-only,0.742921,0.257079,,paired player scores + whole-population distribution shape/coverage deltas; descriptive cohort-composition confounds remain,scripts/lib/calibrate.mjs edition meanDrift > +0.20 restricts individual deltas to <=0; < -0.20 restricts >=0; else aligned; this source-pair proxy is not an exact replay of calibrator state
adjacent-player-and-population-change,Mzafram SoFIFA,FIFA08,FIFA09,2008,2009,9815,-1.46359403938758,0.08668526785714292,1.4975124378109452,0,3398,0.6804890473764645,0.0,0.434233,0.112787,0.45298,upward-only,0.54702,0.45298,,paired player scores + whole-population distribution shape/coverage deltas; descriptive cohort-composition confounds remain,scripts/lib/calibrate.mjs edition meanDrift > +0.20 restricts individual deltas to <=0; < -0.20 restricts >=0; else aligned; this source-pair proxy is not an exact replay of calibrator state
adjacent-player-and-population-change,Mzafram SoFIFA,FIFA09,FIFA10,2009,2010,11759,0.5658956860941657,0.03410494235630479,0.5984328358208948,0,502,1.1310485585508971,0.0,0.440173,0.278255,0.281572,downward-only,0.559827,0.440173,,paired player scores + whole-population distribution shape/coverage deltas; descriptive cohort-composition confounds remain,scripts/lib/calibrate.mjs edition meanDrift > +0.20 restricts individual deltas to <=0; < -0.20 restricts >=0; else aligned; this source-pair proxy is not an exact replay of calibrator state
adjacent-player-and-population-change,Mzafram SoFIFA,FIFA10,FIFA11,2010,2011,11030,1.027226273577547,0.0622613967014668,1.0583582089552246,0,-1496,1.1968268359020853,0.0,0.497915,0.178694,0.323391,downward-only,0.502085,0.497915,,paired player scores + whole-population distribution shape/coverage deltas; descriptive cohort-composition confounds remain,scripts/lib/calibrate.mjs edition meanDrift > +0.20 restricts individual deltas to <=0; < -0.20 restricts >=0; else aligned; this source-pair proxy is not an exact replay of calibrator state
adjacent-player-and-population-change,Mzafram SoFIFA,FIFA11,FIFA12,2011,2012,10161,0.3991185255823453,0.021311551121057093,0.4178358208955224,0,-749,0.7309319948823935,0.0,0.461273,0.188072,0.350654,downward-only,0.538727,0.461273,,paired player scores + whole-population distribution shape/coverage deltas; descriptive cohort-composition confounds remain,scripts/lib/calibrate.mjs edition meanDrift > +0.20 restricts individual deltas to <=0; < -0.20 restricts >=0; else aligned; this source-pair proxy is not an exact replay of calibrator state
adjacent-player-and-population-change,Mzafram SoFIFA,FIFA12,FIFA13,2012,2013,9926,-0.21792127892156543,0.01688563147734401,0.21393034825870647,0,520,0.6808382026999799,0.0,0.449829,0.213178,0.336994,upward-only,0.663006,0.336994,,paired player scores + whole-population distribution shape/coverage deltas; descriptive cohort-composition confounds remain,scripts/lib/calibrate.mjs edition meanDrift > +0.20 restricts individual deltas to <=0; < -0.20 restricts >=0; else aligned; this source-pair proxy is not an exact replay of calibrator state
adjacent-player-and-population-change,Mzafram SoFIFA,FIFA13,FIFA14,2013,2014,10788,-0.1612791878397175,0.015237354403220937,0.24950248756218724,0,1632,0.3760659992584353,0.0,0.361698,0.338524,0.299778,aligned/neutral,1.0,0.0,,paired player scores + whole-population distribution shape/coverage deltas; descriptive cohort-composition confounds remain,scripts/lib/calibrate.mjs edition meanDrift > +0.20 restricts individual deltas to <=0; < -0.20 restricts >=0; else aligned; this source-pair proxy is not an exact replay of calibrator state
adjacent-player-and-population-change,Mzafram SoFIFA,FIFA14,FIFA15,2014,2015,11359,-0.2131922876359127,0.0137743624520055,0.28288557213930526,0,-184,0.6134342811867242,0.0,0.398098,0.319746,0.282155,upward-only,0.717845,0.282155,,paired player scores + whole-population distribution shape/coverage deltas; descriptive cohort-composition confounds remain,scripts/lib/calibrate.mjs edition meanDrift > +0.20 restricts individual deltas to <=0; < -0.20 restricts >=0; else aligned; this source-pair proxy is not an exact replay of calibrator state
adjacent-player-and-population-change,Mzafram SoFIFA,FIFA15,FIFA16,2015,2016,11859,1.4683687242478527,0.09966207182414633,1.4776616915422884,0,603,2.0288388565646343,2.0,0.752593,0.132136,0.115271,downward-only,0.247407,0.752593,,paired player scores + whole-population distribution shape/coverage deltas; descriptive cohort-composition confounds remain,scripts/lib/calibrate.mjs edition meanDrift > +0.20 restricts individual deltas to <=0; < -0.20 restricts >=0; else aligned; this source-pair proxy is not an exact replay of calibrator state
adjacent-player-and-population-change,Mzafram SoFIFA,FIFA16,FIFA17,2016,2017,12379,0.9528668944310965,0.05801830884175935,0.9655721393034822,0,514,1.599725341303821,1.0,0.703611,0.139995,0.156394,downward-only,0.296389,0.703611,,paired player scores + whole-population distribution shape/coverage deltas; descriptive cohort-composition confounds remain,scripts/lib/calibrate.mjs edition meanDrift > +0.20 restricts individual deltas to <=0; < -0.20 restricts >=0; else aligned; this source-pair proxy is not an exact replay of calibrator state
adjacent-player-and-population-change,Mzafram SoFIFA,FIFA17,FIFA18,2017,2018,12618,0.0851481738288129,0.009947889589045134,0.08880597014925554,0,403,0.6623870660960532,0.0,0.410842,0.329608,0.25955,aligned/neutral,1.0,0.0,,paired player scores + whole-population distribution shape/coverage deltas; descriptive cohort-composition confounds remain,scripts/lib/calibrate.mjs edition meanDrift > +0.20 restricts individual deltas to <=0; < -0.20 restricts >=0; else aligned; this source-pair proxy is not an exact replay of calibrator state
adjacent-player-and-population-change,Mzafram SoFIFA,FIFA18,FIFA19,2018,2019,12742,0.059723789550076845,0.008384171363157111,0.06084577114428096,0,15,0.7260241720295088,0.0,0.443965,0.277507,0.278528,aligned/neutral,1.0,0.0,,paired player scores + whole-population distribution shape/coverage deltas; descriptive cohort-composition confounds remain,scripts/lib/calibrate.mjs edition meanDrift > +0.20 restricts individual deltas to <=0; < -0.20 restricts >=0; else aligned; this source-pair proxy is not an exact replay of calibrator state
adjacent-player-and-population-change,Mzafram SoFIFA,FIFA19,FIFA20,2019,2020,13167,0.5967439860726671,0.05387424933763181,0.6406467661691518,0,532,0.5459102301207565,0.0,0.400699,0.325055,0.274246,downward-only,0.599301,0.400699,,paired player scores + whole-population distribution shape/coverage deltas; descriptive cohort-composition confounds remain,scripts/lib/calibrate.mjs edition meanDrift > +0.20 restricts individual deltas to <=0; < -0.20 restricts >=0; else aligned; this source-pair proxy is not an exact replay of calibrator state
adjacent-player-and-population-change,Mzafram SoFIFA,FIFA20,FIFA21,2020,2021,13072,-0.6950592781573874,0.041391673058022105,0.7014925373134329,0,-7,0.24196756425948593,0.0,0.379743,0.217488,0.402769,upward-only,0.597231,0.402769,,paired player scores + whole-population distribution shape/coverage deltas; descriptive cohort-composition confounds remain,scripts/lib/calibrate.mjs edition meanDrift > +0.20 restricts individual deltas to <=0; < -0.20 restricts >=0; else aligned; this source-pair proxy is not an exact replay of calibrator state
adjacent-player-and-population-change,Mzafram SoFIFA,FIFA21,FIFA22,2021,2022,13225,0.15306597319654713,0.016925597755735513,0.2668407960198925,0,-9,0.6027977315689981,0.0,0.420038,0.301777,0.278185,aligned/neutral,1.0,0.0,,paired player scores + whole-population distribution shape/coverage deltas; descriptive cohort-composition confounds remain,scripts/lib/calibrate.mjs edition meanDrift > +0.20 restricts individual deltas to <=0; < -0.20 restricts >=0; else aligned; this source-pair proxy is not an exact replay of calibrator state
adjacent-player-and-population-change,Mzafram SoFIFA,FIFA22,FIFA23,2022,2023,12584,-0.42199340031113763,0.033550986763925685,0.4310199004975045,0,-12,0.48394787031150666,0.0,0.402734,0.294104,0.303163,upward-only,0.696837,0.303163,,paired player scores + whole-population distribution shape/coverage deltas; descriptive cohort-composition confounds remain,scripts/lib/calibrate.mjs edition meanDrift > +0.20 restricts individual deltas to <=0; < -0.20 restricts >=0; else aligned; this source-pair proxy is not an exact replay of calibrator state
adjacent-player-and-population-change,Mzafram SoFIFA,FIFA23,FC24,2023,2024,13118,-0.009916074319164636,0.007143470555949161,0.0845771144278607,0,46,0.610382680286629,0.0,0.417899,0.315749,0.266352,aligned/neutral,1.0,0.0,,paired player scores + whole-population distribution shape/coverage deltas; descriptive cohort-composition confounds remain,scripts/lib/calibrate.mjs edition meanDrift > +0.20 restricts individual deltas to <=0; < -0.20 restricts >=0; else aligned; this source-pair proxy is not an exact replay of calibrator state
adjacent-player-and-population-change,Mzafram SoFIFA,FC24,FC25,2024,2025,13038,-0.09413116239909414,0.013084938485941833,0.14164179104478192,0,-1,0.5971774812087743,0.0,0.421614,0.298435,0.279951,aligned/neutral,1.0,0.0,,paired player scores + whole-population distribution shape/coverage deltas; descriptive cohort-composition confounds remain,scripts/lib/calibrate.mjs edition meanDrift > +0.20 restricts individual deltas to <=0; < -0.20 restricts >=0; else aligned; this source-pair proxy is not an exact replay of calibrator state
adjacent-player-and-population-change,Stefano legacy,15,16,2015,2016,11407,1.4771314462744272,0.0984384866285341,1.4903731343283517,0,497,2.1810291926010343,2.0,0.752257,0.126852,0.120891,downward-only,0.247743,0.752257,,paired player scores + whole-population distribution shape/coverage deltas; descriptive cohort-composition confounds remain,scripts/lib/calibrate.mjs edition meanDrift > +0.20 restricts individual deltas to <=0; < -0.20 restricts >=0; else aligned; this source-pair proxy is not an exact replay of calibrator state
adjacent-player-and-population-change,Stefano legacy,16,17,2016,2017,11761,0.7822281203359012,0.05344421764578722,0.7830348258706439,0,887,1.669500892781226,1.0,0.709889,0.147181,0.14293,downward-only,0.290111,0.709889,,paired player scores + whole-population distribution shape/coverage deltas; descriptive cohort-composition confounds remain,scripts/lib/calibrate.mjs edition meanDrift > +0.20 restricts individual deltas to <=0; < -0.20 restricts >=0; else aligned; this source-pair proxy is not an exact replay of calibrator state
adjacent-player-and-population-change,Stefano legacy,17,18,2017,2018,12581,0.1501047645742517,0.014934756420396128,0.18587064676617204,0,362,0.7683808918209999,0.0,0.42437,0.307448,0.268182,aligned/neutral,1.0,0.0,,paired player scores + whole-population distribution shape/coverage deltas; descriptive cohort-composition confounds remain,scripts/lib/calibrate.mjs edition meanDrift > +0.20 restricts individual deltas to <=0; < -0.20 restricts >=0; else aligned; this source-pair proxy is not an exact replay of calibrator state
adjacent-player-and-population-change,Stefano legacy,18,19,2018,2019,12678,-0.08999498306543785,0.011808047800574872,0.12293532338308928,0,158,0.7901877267707841,0.0,0.44313,0.276542,0.280328,aligned/neutral,1.0,0.0,,paired player scores + whole-population distribution shape/coverage deltas; descriptive cohort-composition confounds remain,scripts/lib/calibrate.mjs edition meanDrift > +0.20 restricts individual deltas to <=0; < -0.20 restricts >=0; else aligned; this source-pair proxy is not an exact replay of calibrator state
adjacent-player-and-population-change,Stefano legacy,19,20,2019,2020,13194,0.05059396613182798,0.006954132452672568,0.07139303482587246,0,397,0.8350007579202667,0.0,0.443687,0.284751,0.271563,aligned/neutral,1.0,0.0,,paired player scores + whole-population distribution shape/coverage deltas; descriptive cohort-composition confounds remain,scripts/lib/calibrate.mjs edition meanDrift > +0.20 restricts individual deltas to <=0; < -0.20 restricts >=0; else aligned; this source-pair proxy is not an exact replay of calibrator state
adjacent-player-and-population-change,Stefano legacy,20,21,2020,2021,13224,-0.5320776050604081,0.037002639511781454,0.5223880597014925,0,404,0.33620689655172414,0.0,0.389292,0.214005,0.396703,upward-only,0.603297,0.396703,,paired player scores + whole-population distribution shape/coverage deltas; descriptive cohort-composition confounds remain,scripts/lib/calibrate.mjs edition meanDrift > +0.20 restricts individual deltas to <=0; < -0.20 restricts >=0; else aligned; this source-pair proxy is not an exact replay of calibrator state
adjacent-player-and-population-change,Stefano legacy,21,22,2021,2022,13264,0.10537364905897562,0.01554746333275242,0.15313432835820318,0,352,0.8928679131483716,0.0,0.459213,0.277895,0.262892,aligned/neutral,1.0,0.0,,paired player scores + whole-population distribution shape/coverage deltas; descriptive cohort-composition confounds remain,scripts/lib/calibrate.mjs edition meanDrift > +0.20 restricts individual deltas to <=0; < -0.20 restricts >=0; else aligned; this source-pair proxy is not an exact replay of calibrator state
adjacent-player-and-population-change,Stefano legacy,22,23,2022,2023,13011,0.04339071620670154,0.009478559698329003,0.12995024875621383,0,-706,0.7040965337022519,0.0,0.436861,0.281224,0.281915,aligned/neutral,1.0,0.0,,paired player scores + whole-population distribution shape/coverage deltas; descriptive cohort-composition confounds remain,scripts/lib/calibrate.mjs edition meanDrift > +0.20 restricts individual deltas to <=0; < -0.20 restricts >=0; else aligned; this source-pair proxy is not an exact replay of calibrator state
adjacent-player-and-population-change,lbenz FIFAIndex,05,06,2005,2006,7600,0.7385202014632526,0.044289333349352644,0.8606965174129353,0,-817,0.5881578947368421,0.0,0.387895,0.296447,0.315658,downward-only,0.612105,0.387895,,paired player scores + whole-population distribution shape/coverage deltas; descriptive cohort-composition confounds remain,scripts/lib/calibrate.mjs edition meanDrift > +0.20 restricts individual deltas to <=0; < -0.20 restricts >=0; else aligned; this source-pair proxy is not an exact replay of calibrator state
adjacent-player-and-population-change,lbenz FIFAIndex,06,07,2006,2007,7059,1.501818845462715,0.08182558400718776,1.7512437810945274,0,324,1.8753364499220853,1.0,0.569344,0.083723,0.346933,downward-only,0.430656,0.569344,,paired player scores + whole-population distribution shape/coverage deltas; descriptive cohort-composition confounds remain,scripts/lib/calibrate.mjs edition meanDrift > +0.20 restricts individual deltas to <=0; < -0.20 restricts >=0; else aligned; this source-pair proxy is not an exact replay of calibrator state
adjacent-player-and-population-change,lbenz FIFAIndex,07,08,2007,2008,7276,1.0454285714285732,0.10076190476190475,1.099502487562189,0,0,0.7270478284771853,0.0,0.355278,0.3895,0.255223,downward-only,0.644722,0.355278,,paired player scores + whole-population distribution shape/coverage deltas; descriptive cohort-composition confounds remain,scripts/lib/calibrate.mjs edition meanDrift > +0.20 restricts individual deltas to <=0; < -0.20 restricts >=0; else aligned; this source-pair proxy is not an exact replay of calibrator state
adjacent-player-and-population-change,lbenz FIFAIndex,08,09,2008,2009,7547,0.3675238095238029,0.09876190476190476,0.7064676616915423,0,0,0.28845899032728234,0.0,0.417517,0.153703,0.42878,downward-only,0.582483,0.417517,,paired player scores + whole-population distribution shape/coverage deltas; descriptive cohort-composition confounds remain,scripts/lib/calibrate.mjs edition meanDrift > +0.20 restricts individual deltas to <=0; < -0.20 restricts >=0; else aligned; this source-pair proxy is not an exact replay of calibrator state
adjacent-player-and-population-change,lbenz FIFAIndex,09,10,2009,2010,7616,0.846666666666664,0.07761904761904762,0.8529353233830871,0,0,0.9426207983193278,0.0,0.451287,0.270352,0.278361,downward-only,0.548713,0.451287,,paired player scores + whole-population distribution shape/coverage deltas; descriptive cohort-composition confounds remain,scripts/lib/calibrate.mjs edition meanDrift > +0.20 restricts individual deltas to <=0; < -0.20 restricts >=0; else aligned; this source-pair proxy is not an exact replay of calibrator state
adjacent-player-and-population-change,lbenz FIFAIndex,10,11,2010,2011,7686,0.16894992683081966,0.04708677592052281,0.3144776119403032,0,-22,0.46604215456674475,0.0,0.432084,0.205959,0.361957,aligned/neutral,1.0,0.0,,paired player scores + whole-population distribution shape/coverage deltas; descriptive cohort-composition confounds remain,scripts/lib/calibrate.mjs edition meanDrift > +0.20 restricts individual deltas to <=0; < -0.20 restricts >=0; else aligned; this source-pair proxy is not an exact replay of calibrator state
adjacent-player-and-population-change,lbenz FIFAIndex,11,12,2011,2012,7196,0.03781197793108504,0.013351875585126204,0.08840796019900715,0,22,0.4924958310172318,0.0,0.452335,0.156754,0.390912,aligned/neutral,1.0,0.0,,paired player scores + whole-population distribution shape/coverage deltas; descriptive cohort-composition confounds remain,scripts/lib/calibrate.mjs edition meanDrift > +0.20 restricts individual deltas to <=0; < -0.20 restricts >=0; else aligned; this source-pair proxy is not an exact replay of calibrator state
adjacent-player-and-population-change,lbenz FIFAIndex,12,13,2012,2013,7657,0.03361904761905521,0.019428571428571434,0.12268656716418516,0,0,0.3184014627138566,0.0,0.414653,0.219799,0.365548,aligned/neutral,1.0,0.0,,paired player scores + whole-population distribution shape/coverage deltas; descriptive cohort-composition confounds remain,scripts/lib/calibrate.mjs edition meanDrift > +0.20 restricts individual deltas to <=0; < -0.20 restricts >=0; else aligned; this source-pair proxy is not an exact replay of calibrator state
adjacent-player-and-population-change,lbenz FIFAIndex,13,14,2013,2014,7743,0.5029523809523795,0.08895238095238095,0.5539303482587004,0,0,0.1511042231693142,0.0,0.343924,0.324551,0.331525,downward-only,0.656076,0.343924,,paired player scores + whole-population distribution shape/coverage deltas; descriptive cohort-composition confounds remain,scripts/lib/calibrate.mjs edition meanDrift > +0.20 restricts individual deltas to <=0; < -0.20 restricts >=0; else aligned; this source-pair proxy is not an exact replay of calibrator state
adjacent-player-and-population-change,lbenz FIFAIndex,14,15,2014,2015,7827,-0.26866666666667527,0.027238095238095228,0.24875621890547264,0,0,0.19304969975725053,0.0,0.348793,0.318513,0.332695,upward-only,0.667305,0.332695,,paired player scores + whole-population distribution shape/coverage deltas; descriptive cohort-composition confounds remain,scripts/lib/calibrate.mjs edition meanDrift > +0.20 restricts individual deltas to <=0; < -0.20 restricts >=0; else aligned; this source-pair proxy is not an exact replay of calibrator state
adjacent-player-and-population-change,lbenz FIFAIndex,15,16,2015,2016,7948,1.7019573292694616,0.1839894955982202,1.6797014925373175,0,-1,1.5821590337191747,1.0,0.715778,0.155385,0.128837,downward-only,0.284222,0.715778,,paired player scores + whole-population distribution shape/coverage deltas; descriptive cohort-composition confounds remain,scripts/lib/calibrate.mjs edition meanDrift > +0.20 restricts individual deltas to <=0; < -0.20 restricts >=0; else aligned; this source-pair proxy is not an exact replay of calibrator state
adjacent-player-and-population-change,lbenz FIFAIndex,16,17,2016,2017,8095,1.046518861206735,0.121257561944675,1.1212935323383044,0,1,1.1206917850525016,1.0,0.642372,0.17134,0.186288,downward-only,0.357628,0.642372,,paired player scores + whole-population distribution shape/coverage deltas; descriptive cohort-composition confounds remain,scripts/lib/calibrate.mjs edition meanDrift > +0.20 restricts individual deltas to <=0; < -0.20 restricts >=0; else aligned; this source-pair proxy is not an exact replay of calibrator state
adjacent-player-and-population-change,lbenz FIFAIndex,17,18,2017,2018,8189,0.12285714285714278,0.022476190476190483,0.12935323383084577,0,0,0.24960312614482844,0.0,0.359507,0.339358,0.301136,aligned/neutral,1.0,0.0,,paired player scores + whole-population distribution shape/coverage deltas; descriptive cohort-composition confounds remain,scripts/lib/calibrate.mjs edition meanDrift > +0.20 restricts individual deltas to <=0; < -0.20 restricts >=0; else aligned; this source-pair proxy is not an exact replay of calibrator state
adjacent-player-and-population-change,lbenz FIFAIndex,18,19,2018,2019,8103,0.09304761904762415,0.010095238095238046,0.08955223880597014,0,0,0.29186720967542884,0.0,0.384179,0.288905,0.326916,aligned/neutral,1.0,0.0,,paired player scores + whole-population distribution shape/coverage deltas; descriptive cohort-composition confounds remain,scripts/lib/calibrate.mjs edition meanDrift > +0.20 restricts individual deltas to <=0; < -0.20 restricts >=0; else aligned; this source-pair proxy is not an exact replay of calibrator state
adjacent-player-and-population-change,lbenz FIFAIndex,19,20,2019,2020,8366,0.2853333333333268,0.05476190476190476,0.2935323383084577,0,0,0.2195792493425771,0.0,0.354889,0.329429,0.315683,downward-only,0.645111,0.354889,,paired player scores + whole-population distribution shape/coverage deltas; descriptive cohort-composition confounds remain,scripts/lib/calibrate.mjs edition meanDrift > +0.20 restricts individual deltas to <=0; < -0.20 restricts >=0; else aligned; this source-pair proxy is not an exact replay of calibrator state
position-rating-label-onset,Stefano legacy,no retrieved prior edition,15,2014,2015,0,,,,,,,,,,,not applicable,,,27,"first retrieved native position-rating targets in this corpus; available-label boundary, not proof EA introduced positions in FIFA15",observed schema availability boundary from source-summary/schema-matrix
