source,edition,n_overall,mean,median,std_pop,p10,p90,min,max,top_n,top500_mean,top500_std_pop,potential_mean
Stefano legacy,15,16182,63.828822148065754,64.0,7.166142108361056,55.0,73.0,40.0,93.0,500,80.682,2.6086157248625175,68.34711407736992
Stefano legacy,16,16679,65.30595359434018,65.0,7.135510188788237,56.0,75.0,44.0,94.0,500,81.388,2.4036339155536974,70.05455962587685
Stefano legacy,17,17566,66.08818171467608,66.0,7.15178553579401,56.0,75.0,45.0,94.0,500,82.466,2.5504595664311167,70.8649094842309
Stefano legacy,18,17928,66.23828647925033,66.0,6.995568337083431,57.0,75.0,46.0,94.0,500,82.598,2.5761203388040705,71.18234047300312
Stefano legacy,19,18086,66.1482914961849,66.0,7.01260410184705,57.0,75.0,47.0,94.0,500,82.88,2.7198529372008338,71.26976667035277
Stefano legacy,20,18483,66.19888546231672,66.0,6.950738689509549,57.0,75.0,48.0,94.0,500,82.916,2.6009505954554384,71.50089271222204
Stefano legacy,21,18887,65.66680785725632,66.0,6.99893804712998,57.0,75.0,47.0,93.0,500,82.518,2.6010913094314856,71.07401916662255
Stefano legacy,22,19239,65.77218150631529,66.0,6.8800526950493825,57.0,75.0,47.0,93.0,500,82.594,2.5863418180897897,71.07937002962731
Stefano legacy,23,18533,65.815572222522,66.0,6.812936401007664,57.0,75.0,46.0,91.0,500,82.512,2.553009204840437,70.9663303296822
Mzafram SoFIFA,FC24,18508,65.91457748000865,66.0,6.688877489713455,57.0,74.0,50.0,91.0,500,82.35,2.442846700061222,70.98616814350551
Mzafram SoFIFA,FC25,18507,65.82044631760955,66.0,6.810158133405518,57.0,74.0,50.0,91.0,500,82.376,2.4752018099540893,71.05662722213216
Mzafram SoFIFA,FIFA07,10907,64.79444393508756,65.0,9.12397996927518,53.0,76.0,28.0,93.0,500,82.944,2.7241262819480303,70.86430732557073
Mzafram SoFIFA,FIFA08,12800,63.789375,64.0,9.253758336988005,52.0,75.0,30.0,91.0,500,82.702,2.6102099532413097,70.44921875
Mzafram SoFIFA,FIFA09,16198,62.32578096061242,62.0,8.678448134567398,51.0,73.0,33.0,91.0,500,81.564,2.561621361559901,70.67971354488209
Mzafram SoFIFA,FIFA10,16700,62.891676646706586,63.0,8.45567181314473,52.0,74.0,35.0,90.0,500,81.37,2.3691981765989945,70.8922754491018
Mzafram SoFIFA,FIFA11,15204,63.91890292028413,64.0,7.623468518382575,54.0,74.0,40.0,90.0,500,80.698,2.291461542334935,71.54472507234938
Mzafram SoFIFA,FIFA12,14455,64.31802144586648,64.0,7.42467329001037,55.0,74.0,40.0,94.0,500,81.256,2.7015669527146655,69.59315115876859
Mzafram SoFIFA,FIFA13,14975,64.10010016694491,64.0,7.396651093726168,55.0,74.0,41.0,94.0,500,81.174,2.5345066581092266,69.09235392320534
Mzafram SoFIFA,FIFA14,16607,63.938820979105195,64.0,7.202629611006527,55.0,73.0,31.0,94.0,500,80.87,2.649735835890061,68.86638164629373
Mzafram SoFIFA,FIFA15,16423,63.72562869146928,64.0,7.191078127287767,54.0,73.0,40.0,93.0,500,80.608,2.6279908675640407,68.48907020641784
Mzafram SoFIFA,FIFA16,17026,65.19399741571713,65.0,7.175045453134438,56.0,74.0,44.0,94.0,500,81.288,2.4242640120250933,69.68172207212498
Mzafram SoFIFA,FIFA17,17540,66.14686431014823,66.0,7.011229295464791,57.0,75.0,45.0,94.0,500,82.472,2.54425155988947,70.93477765108324
Mzafram SoFIFA,FIFA18,17943,66.23201248397704,66.0,6.926864268110092,57.0,75.0,46.0,94.0,500,82.608,2.6948721676547107,71.30184473053558
Mzafram SoFIFA,FIFA19,17958,66.29173627352712,66.0,6.922094416872957,57.0,75.0,46.0,94.0,500,82.928,2.6741009704197776,71.37092103797751
Mzafram SoFIFA,FIFA20,18490,66.88848025959979,66.0,6.158884441243335,59.0,75.0,55.0,94.0,500,82.868,2.6590554714033328,71.59361817198486
Mzafram SoFIFA,FIFA21,18483,66.1934209814424,66.0,6.507357153762301,58.0,75.0,52.0,93.0,500,82.424,2.6015810577416185,71.15473678515393
Mzafram SoFIFA,FIFA22,18474,66.34648695463895,66.0,6.232317791114321,58.0,74.0,53.0,92.0,500,82.428,2.60783741824524,71.13104904189672
Mzafram SoFIFA,FIFA23,18462,65.92449355432781,66.0,6.630443014216112,57.0,74.0,50.0,91.0,500,82.336,2.463961038653006,70.95970100747482
lbenz FIFAIndex,05,10993,62.87537523878832,63.0,9.768191360525666,51.0,75.0,39.0,97.0,500,84.298,3.7069119223418294,
lbenz FIFAIndex,06,10176,63.613895440251575,63.0,9.490509551092698,52.0,76.0,22.0,95.0,500,84.032,3.383929077270976,
lbenz FIFAIndex,07,10500,65.11571428571429,65.0,8.353159693837314,54.0,76.0,39.0,92.0,500,82.494,2.60652335496922,
lbenz FIFAIndex,08,10500,66.16114285714286,66.0,7.26745744683081,57.0,76.0,39.0,91.0,500,82.17,2.5762569747600876,
lbenz FIFAIndex,09,10500,66.52866666666667,66.0,6.4703158922908655,59.0,75.0,39.0,91.0,500,81.594,2.633090199746298,
lbenz FIFAIndex,10,10500,67.37533333333333,67.0,6.180597993362419,60.0,76.0,39.0,90.0,500,81.404,2.4109715883850646,
lbenz FIFAIndex,11,10478,67.54428326016415,67.0,5.872889699226991,61.0,76.0,39.0,90.0,500,80.918,2.3124177823222167,
lbenz FIFAIndex,12,10500,67.58209523809523,67.0,5.872812532215612,61.0,75.0,39.0,94.0,500,81.22,2.7039970414185,
lbenz FIFAIndex,13,10500,67.61571428571429,67.0,5.79517374851783,62.0,75.0,39.0,94.0,500,81.152,2.5441886722489744,
lbenz FIFAIndex,14,10500,68.11866666666667,67.0,5.327825799144689,63.0,75.0,39.0,94.0,500,80.854,2.657947328296782,
lbenz FIFAIndex,15,10500,67.85,67.0,5.369177909938488,62.0,75.0,39.0,93.0,500,80.6,2.6321094202179363,
lbenz FIFAIndex,16,10499,69.55195732926946,69.0,5.131162832182472,64.0,76.0,39.0,94.0,500,81.284,2.4272090968847326,
lbenz FIFAIndex,17,10500,70.59847619047619,70.0,4.93438060588346,66.0,77.0,39.0,94.0,500,82.458,2.5503403694409106,
lbenz FIFAIndex,18,10500,70.72133333333333,70.0,4.879311244655563,66.0,77.0,39.0,94.0,500,82.584,2.690528572604275,
lbenz FIFAIndex,19,10500,70.81438095238096,70.0,4.897727640993471,66.0,77.0,39.0,94.0,500,82.91,2.663437628329224,
lbenz FIFAIndex,20,10500,71.09971428571428,70.0,4.776117163184189,66.0,77.0,39.0,94.0,500,82.866,2.638947517477375,
FIFA18 demo SoFIFA,18,17981,66.24798398309326,66.0,6.98777102178669,57.0,75.0,46.0,94.0,500,82.6,2.576043477893958,71.19081252433124
