source,vocabulary_type,native_code,slot_geometry_group,observations,editions,mapping_status
Mzafram SoFIFA,roster_position_code,CAM,,37409,FIFA07;FIFA08;FIFA09;FIFA10;FIFA11;FIFA12;FIFA13;FIFA14;FIFA15;FIFA16;FIFA17;FIFA18;FIFA19;FIFA20;FIFA21;FIFA22;FIFA23;FC24;FC25,source-native; no automatic geometry inference
Mzafram SoFIFA,roster_position_code,CB,,65011,FIFA07;FIFA08;FIFA09;FIFA10;FIFA11;FIFA12;FIFA13;FIFA14;FIFA15;FIFA16;FIFA17;FIFA18;FIFA19;FIFA20;FIFA21;FIFA22;FIFA23;FC24;FC25,source-native; no automatic geometry inference
Mzafram SoFIFA,roster_position_code,CDM,,44636,FIFA07;FIFA08;FIFA09;FIFA10;FIFA11;FIFA12;FIFA13;FIFA14;FIFA15;FIFA16;FIFA17;FIFA18;FIFA19;FIFA20;FIFA21;FIFA22;FIFA23;FC24;FC25,source-native; no automatic geometry inference
Mzafram SoFIFA,roster_position_code,CF,,13050,FIFA07;FIFA08;FIFA09;FIFA10;FIFA11;FIFA12;FIFA13;FIFA14;FIFA15;FIFA16;FIFA17;FIFA18;FIFA19;FIFA20;FIFA21;FIFA22;FIFA23;FC24,source-native; no automatic geometry inference
Mzafram SoFIFA,roster_position_code,CM,,62481,FIFA07;FIFA08;FIFA09;FIFA10;FIFA11;FIFA12;FIFA13;FIFA14;FIFA15;FIFA16;FIFA17;FIFA18;FIFA19;FIFA20;FIFA21;FIFA22;FIFA23;FC24;FC25,source-native; no automatic geometry inference
Mzafram SoFIFA,roster_position_code,GK,,34759,FIFA07;FIFA08;FIFA09;FIFA10;FIFA11;FIFA12;FIFA13;FIFA14;FIFA15;FIFA16;FIFA17;FIFA18;FIFA19;FIFA20;FIFA21;FIFA22;FIFA23;FC24;FC25,source-native; no automatic geometry inference
Mzafram SoFIFA,roster_position_code,LB,,33399,FIFA07;FIFA08;FIFA09;FIFA10;FIFA11;FIFA12;FIFA13;FIFA14;FIFA15;FIFA16;FIFA17;FIFA18;FIFA19;FIFA20;FIFA21;FIFA22;FIFA23;FC24;FC25,source-native; no automatic geometry inference
Mzafram SoFIFA,roster_position_code,LDM,,1,FC25,source-native; no automatic geometry inference
Mzafram SoFIFA,roster_position_code,LF,,951,FIFA07;FIFA08;FIFA09;FIFA10;FIFA11,source-native; no automatic geometry inference
Mzafram SoFIFA,roster_position_code,LM,,38804,FIFA07;FIFA08;FIFA09;FIFA10;FIFA11;FIFA12;FIFA13;FIFA14;FIFA15;FIFA16;FIFA17;FIFA18;FIFA19;FIFA20;FIFA21;FIFA22;FIFA23;FC24;FC25,source-native; no automatic geometry inference
Mzafram SoFIFA,roster_position_code,LW,,16358,FIFA07;FIFA08;FIFA09;FIFA10;FIFA11;FIFA12;FIFA13;FIFA14;FIFA15;FIFA16;FIFA17;FIFA18;FIFA19;FIFA20;FIFA21;FIFA22;FIFA23;FC24;FC25,source-native; no automatic geometry inference
Mzafram SoFIFA,roster_position_code,LWB,,6424,FIFA07;FIFA08;FIFA09;FIFA10;FIFA11;FIFA12;FIFA13;FIFA14;FIFA15;FIFA16;FIFA17;FIFA18;FIFA19;FIFA20;FIFA21;FIFA22;FIFA23;FC24,source-native; no automatic geometry inference
Mzafram SoFIFA,roster_position_code,RB,,35275,FIFA07;FIFA08;FIFA09;FIFA10;FIFA11;FIFA12;FIFA13;FIFA14;FIFA15;FIFA16;FIFA17;FIFA18;FIFA19;FIFA20;FIFA21;FIFA22;FIFA23;FC24;FC25,source-native; no automatic geometry inference
Mzafram SoFIFA,roster_position_code,RF,,1254,FIFA07;FIFA08;FIFA09;FIFA10;FIFA11,source-native; no automatic geometry inference
Mzafram SoFIFA,roster_position_code,RM,,38952,FIFA07;FIFA08;FIFA09;FIFA10;FIFA11;FIFA12;FIFA13;FIFA14;FIFA15;FIFA16;FIFA17;FIFA18;FIFA19;FIFA20;FIFA21;FIFA22;FIFA23;FC24;FC25,source-native; no automatic geometry inference
Mzafram SoFIFA,roster_position_code,RW,,17029,FIFA07;FIFA08;FIFA09;FIFA10;FIFA11;FIFA12;FIFA13;FIFA14;FIFA15;FIFA16;FIFA17;FIFA18;FIFA19;FIFA20;FIFA21;FIFA22;FIFA23;FC24;FC25,source-native; no automatic geometry inference
Mzafram SoFIFA,roster_position_code,RWB,,6020,FIFA07;FIFA08;FIFA09;FIFA10;FIFA11;FIFA12;FIFA13;FIFA14;FIFA15;FIFA16;FIFA17;FIFA18;FIFA19;FIFA20;FIFA21;FIFA22;FIFA23;FC24,source-native; no automatic geometry inference
Mzafram SoFIFA,roster_position_code,ST,,56265,FIFA07;FIFA08;FIFA09;FIFA10;FIFA11;FIFA12;FIFA13;FIFA14;FIFA15;FIFA16;FIFA17;FIFA18;FIFA19;FIFA20;FIFA21;FIFA22;FIFA23;FC24;FC25,source-native; no automatic geometry inference
Mzafram SoFIFA,roster_position_code,SW,,361,FIFA07;FIFA08;FIFA09;FIFA10;FIFA11,source-native; no automatic geometry inference
Stefano legacy,native_rating_code,cam,,161583,15;16;17;18;19;20;21;22;23,source-native; no automatic geometry inference
Stefano legacy,native_rating_code,cb,,161583,15;16;17;18;19;20;21;22;23,source-native; no automatic geometry inference
Stefano legacy,native_rating_code,cdm,,161583,15;16;17;18;19;20;21;22;23,source-native; no automatic geometry inference
Stefano legacy,native_rating_code,cf,,161583,15;16;17;18;19;20;21;22;23,source-native; no automatic geometry inference
Stefano legacy,native_rating_code,cm,,161583,15;16;17;18;19;20;21;22;23,source-native; no automatic geometry inference
Stefano legacy,native_rating_code,gk,,161583,15;16;17;18;19;20;21;22;23,source-native; no automatic geometry inference
Stefano legacy,native_rating_code,lam,,161583,15;16;17;18;19;20;21;22;23,source-native; no automatic geometry inference
Stefano legacy,native_rating_code,lb,,161583,15;16;17;18;19;20;21;22;23,source-native; no automatic geometry inference
Stefano legacy,native_rating_code,lcb,,161583,15;16;17;18;19;20;21;22;23,source-native; no automatic geometry inference
Stefano legacy,native_rating_code,lcm,,161583,15;16;17;18;19;20;21;22;23,source-native; no automatic geometry inference
Stefano legacy,native_rating_code,ldm,,161583,15;16;17;18;19;20;21;22;23,source-native; no automatic geometry inference
Stefano legacy,native_rating_code,lf,,161583,15;16;17;18;19;20;21;22;23,source-native; no automatic geometry inference
Stefano legacy,native_rating_code,lm,,161583,15;16;17;18;19;20;21;22;23,source-native; no automatic geometry inference
Stefano legacy,native_rating_code,ls,,161583,15;16;17;18;19;20;21;22;23,source-native; no automatic geometry inference
Stefano legacy,native_rating_code,lw,,161583,15;16;17;18;19;20;21;22;23,source-native; no automatic geometry inference
Stefano legacy,native_rating_code,lwb,,161583,15;16;17;18;19;20;21;22;23,source-native; no automatic geometry inference
Stefano legacy,native_rating_code,ram,,161583,15;16;17;18;19;20;21;22;23,source-native; no automatic geometry inference
Stefano legacy,native_rating_code,rb,,161583,15;16;17;18;19;20;21;22;23,source-native; no automatic geometry inference
Stefano legacy,native_rating_code,rcb,,161583,15;16;17;18;19;20;21;22;23,source-native; no automatic geometry inference
Stefano legacy,native_rating_code,rcm,,161583,15;16;17;18;19;20;21;22;23,source-native; no automatic geometry inference
Stefano legacy,native_rating_code,rdm,,161583,15;16;17;18;19;20;21;22;23,source-native; no automatic geometry inference
Stefano legacy,native_rating_code,rf,,161583,15;16;17;18;19;20;21;22;23,source-native; no automatic geometry inference
Stefano legacy,native_rating_code,rm,,161583,15;16;17;18;19;20;21;22;23,source-native; no automatic geometry inference
Stefano legacy,native_rating_code,rs,,161583,15;16;17;18;19;20;21;22;23,source-native; no automatic geometry inference
Stefano legacy,native_rating_code,rw,,161583,15;16;17;18;19;20;21;22;23,source-native; no automatic geometry inference
Stefano legacy,native_rating_code,rwb,,161583,15;16;17;18;19;20;21;22;23,source-native; no automatic geometry inference
Stefano legacy,native_rating_code,st,,161583,15;16;17;18;19;20;21;22;23,source-native; no automatic geometry inference
Stefano legacy,roster_position_code,CAM,,19650,15;16;17;18;19;20;21;22;23,source-native; no automatic geometry inference
Stefano legacy,roster_position_code,CB,,32956,15;16;17;18;19;20;21;22;23,source-native; no automatic geometry inference
Stefano legacy,roster_position_code,CDM,,23993,15;16;17;18;19;20;21;22;23,source-native; no automatic geometry inference
Stefano legacy,roster_position_code,CF,,3796,15;16;17;18;19;20;21;22;23,source-native; no automatic geometry inference
Stefano legacy,roster_position_code,CM,,33597,15;16;17;18;19;20;21;22;23,source-native; no automatic geometry inference
Stefano legacy,roster_position_code,GK,,17970,15;16;17;18;19;20;21;22;23,source-native; no automatic geometry inference
Stefano legacy,roster_position_code,LB,,17920,15;16;17;18;19;20;21;22;23,source-native; no automatic geometry inference
Stefano legacy,roster_position_code,LM,,21398,15;16;17;18;19;20;21;22;23,source-native; no automatic geometry inference
Stefano legacy,roster_position_code,LW,,8471,15;16;17;18;19;20;21;22;23,source-native; no automatic geometry inference
Stefano legacy,roster_position_code,LWB,,2586,15;16;17;18;19;20;21;22;23,source-native; no automatic geometry inference
Stefano legacy,roster_position_code,RB,,18278,15;16;17;18;19;20;21;22;23,source-native; no automatic geometry inference
Stefano legacy,roster_position_code,RM,,20898,15;16;17;18;19;20;21;22;23,source-native; no automatic geometry inference
Stefano legacy,roster_position_code,RW,,8709,15;16;17;18;19;20;21;22;23,source-native; no automatic geometry inference
Stefano legacy,roster_position_code,RWB,,2457,15;16;17;18;19;20;21;22;23,source-native; no automatic geometry inference
Stefano legacy,roster_position_code,ST,,29012,15;16;17;18;19;20;21;22;23,source-native; no automatic geometry inference
derived slot mapping,slot_geometry_group,CAM,attacking-mid,1,static-map-v1,explicit derived grouping only
derived slot mapping,slot_geometry_group,CB,centre-back,1,static-map-v1,explicit derived grouping only
derived slot mapping,slot_geometry_group,CDM,defensive-mid,1,static-map-v1,explicit derived grouping only
derived slot mapping,slot_geometry_group,CF,forward,1,static-map-v1,explicit derived grouping only
derived slot mapping,slot_geometry_group,CM,central-mid,1,static-map-v1,explicit derived grouping only
derived slot mapping,slot_geometry_group,GK,goalkeeper,1,static-map-v1,explicit derived grouping only
derived slot mapping,slot_geometry_group,LAM,attacking-mid,1,static-map-v1,explicit derived grouping only
derived slot mapping,slot_geometry_group,LB,fullback,1,static-map-v1,explicit derived grouping only
derived slot mapping,slot_geometry_group,LCB,centre-back,1,static-map-v1,explicit derived grouping only
derived slot mapping,slot_geometry_group,LCM,central-mid,1,static-map-v1,explicit derived grouping only
derived slot mapping,slot_geometry_group,LDM,defensive-mid,1,static-map-v1,explicit derived grouping only
derived slot mapping,slot_geometry_group,LF,forward,1,static-map-v1,explicit derived grouping only
derived slot mapping,slot_geometry_group,LM,wide-mid,1,static-map-v1,explicit derived grouping only
derived slot mapping,slot_geometry_group,LS,striker,1,static-map-v1,explicit derived grouping only
derived slot mapping,slot_geometry_group,LW,wing,1,static-map-v1,explicit derived grouping only
derived slot mapping,slot_geometry_group,LWB,wide-defender,1,static-map-v1,explicit derived grouping only
derived slot mapping,slot_geometry_group,RAM,attacking-mid,1,static-map-v1,explicit derived grouping only
derived slot mapping,slot_geometry_group,RB,fullback,1,static-map-v1,explicit derived grouping only
derived slot mapping,slot_geometry_group,RCB,centre-back,1,static-map-v1,explicit derived grouping only
derived slot mapping,slot_geometry_group,RCM,central-mid,1,static-map-v1,explicit derived grouping only
derived slot mapping,slot_geometry_group,RDM,defensive-mid,1,static-map-v1,explicit derived grouping only
derived slot mapping,slot_geometry_group,RF,forward,1,static-map-v1,explicit derived grouping only
derived slot mapping,slot_geometry_group,RM,wide-mid,1,static-map-v1,explicit derived grouping only
derived slot mapping,slot_geometry_group,RS,striker,1,static-map-v1,explicit derived grouping only
derived slot mapping,slot_geometry_group,RW,wing,1,static-map-v1,explicit derived grouping only
derived slot mapping,slot_geometry_group,RWB,wide-defender,1,static-map-v1,explicit derived grouping only
derived slot mapping,slot_geometry_group,ST,striker,1,static-map-v1,explicit derived grouping only
