requested_player,battle_base_name,player_season_id,teamSeasonId,membership_club,membership_semantics,edition_year,source,source_edition,match_method,match_status,stable_id_match_provenance,validated_source_alias,source_name_candidate_count,source_row_count_matches,source_player_id,source_name,source_club,source_nationality,source_overall,source_potential,detailed_attributes_json,detailed_attributes_semantics,source_detailed_attributes_json,source_native_attribute_field_names,source_native_attribute_nonnull_count,source_native_attribute_semantics,current_battle_base_overall,current_battle_base_raw_overall,current_battle_base_calibrated_overall,current_calibration_method,current_overall_source
Heurelho Gomes,Heurelho Gomes,psv-2005-0,psv-2005,PSV,Battle Base PSV 2005 TeamSeason roster membership; independent from ability snapshot club,2005,lbenz FIFAIndex,05,anchored_stable_id,stable ID match; source club recorded independently,FIFA05 unique exact-name PSV row,,1,1,135451,Heurelho Gomes,PSV Eindhoven,Brazil,74.0,,"{""acceleration"": 65.0, ""aggression"": 65.0, ""att_position"": null, ""ball_control"": 20.0, ""composure"": 65.0, ""creativity"": 46.0, ""crossing"": 22.0, ""dribbling"": 26.0, ""finishing"": null, ""heading"": 30.0, ""interceptions"": null, ""long_pass"": 27.0, ""long_shots"": null, ""marking"": 35.0, ""penalties"": null, ""reactions"": 72.0, ""short_pass"": 22.0, ""shot_accuracy"": 29.0, ""shot_power"": 21.0, ""slide_tackle"": 27.0, ""sprint_speed"": 58.0, ""stamina"": 73.0, ""stand_tackle"": null, ""strength"": 72.0, ""vision"": null}","existing audit mapped subset; values remain source edition observations, not modern semantic equivalences","{""acceleration"": 65.0, ""aggression"": 65.0, ""agility"": null, ""att_position"": null, ""balance"": 53.0, ""ball_control"": 20.0, ""composure"": 65.0, ""creativity"": 46.0, ""crossing"": 22.0, ""curve"": null, ""dribbling"": 26.0, ""finishing"": null, ""free_kick_accuracy"": null, ""gk_diving"": null, ""gk_handling"": 81.0, ""gk_kicking"": null, ""gk_positioning"": 75.0, ""gk_reflexes"": 70.0, ""gk_rushing"": 60.0, ""heading"": 30.0, ""interceptions"": null, ""jumping"": null, ""long_pass"": 27.0, ""long_shots"": null, ""marking"": 35.0, ""penalties"": null, ""reactions"": 72.0, ""short_pass"": 22.0, ""shot_accuracy"": 29.0, ""shot_power"": 21.0, ""slide_tackle"": 27.0, ""sprint_speed"": 58.0, ""stamina"": 73.0, ""stand_tackle"": null, ""strength"": 72.0, ""vision"": null}",ball_control;dribbling;marking;slide_tackle;stand_tackle;aggression;reactions;att_position;interceptions;vision;composure;crossing;short_pass;long_pass;acceleration;stamina;strength;balance;sprint_speed;agility;jumping;creativity;heading;shot_power;finishing;long_shots;curve;free_kick_accuracy;shot_accuracy;penalties;gk_positioning;gk_diving;gk_handling;gk_kicking;gk_reflexes;gk_rushing,23,lbenz source-native columns and values; no modern canonical-equivalence claim,74,74,74,hybrid,lbenz730/fifa_model (FIFA 05)
Heurelho Gomes,Heurelho Gomes,psv-2005-0,psv-2005,PSV,Battle Base PSV 2005 TeamSeason roster membership; independent from ability snapshot club,2006,lbenz FIFAIndex,06,anchored_stable_id,stable ID match; source club recorded independently,FIFA05 unique exact-name PSV row,,0,1,135451,Gomes,PSV Eindhoven,Brazil,78.0,,"{""acceleration"": null, ""aggression"": 65.0, ""att_position"": null, ""ball_control"": 20.0, ""composure"": 72.0, ""creativity"": null, ""crossing"": null, ""dribbling"": 26.0, ""finishing"": 30.0, ""heading"": null, ""interceptions"": null, ""long_pass"": 22.0, ""long_shots"": 40.0, ""marking"": 35.0, ""penalties"": null, ""reactions"": 65.0, ""short_pass"": 22.0, ""shot_accuracy"": null, ""shot_power"": null, ""slide_tackle"": 27.0, ""sprint_speed"": 73.0, ""stamina"": 65.0, ""stand_tackle"": null, ""strength"": 58.0, ""vision"": null}","existing audit mapped subset; values remain source edition observations, not modern semantic equivalences","{""acceleration"": null, ""aggression"": 65.0, ""agility"": null, ""att_position"": null, ""balance"": null, ""ball_control"": 20.0, ""composure"": 72.0, ""creativity"": null, ""crossing"": null, ""curve"": null, ""dribbling"": 26.0, ""finishing"": 30.0, ""free_kick_accuracy"": 21.0, ""gk_diving"": 81.0, ""gk_handling"": 76.0, ""gk_kicking"": null, ""gk_positioning"": 54.0, ""gk_reflexes"": null, ""gk_rushing"": null, ""heading"": null, ""interceptions"": null, ""jumping"": null, ""long_pass"": 22.0, ""long_shots"": 40.0, ""marking"": 35.0, ""penalties"": null, ""reactions"": 65.0, ""short_pass"": 22.0, ""shot_accuracy"": null, ""shot_power"": null, ""slide_tackle"": 27.0, ""sprint_speed"": 73.0, ""stamina"": 65.0, ""stand_tackle"": null, ""strength"": 58.0, ""vision"": null}",ball_control;dribbling;marking;slide_tackle;stand_tackle;aggression;reactions;att_position;interceptions;vision;composure;crossing;short_pass;long_pass;acceleration;stamina;strength;balance;sprint_speed;agility;jumping;creativity;heading;shot_power;finishing;long_shots;curve;free_kick_accuracy;shot_accuracy;penalties;gk_positioning;gk_diving;gk_handling;gk_kicking;gk_reflexes;gk_rushing,18,lbenz source-native columns and values; no modern canonical-equivalence claim,74,74,74,hybrid,lbenz730/fifa_model (FIFA 05)
Heurelho Gomes,Heurelho Gomes,psv-2005-0,psv-2005,PSV,Battle Base PSV 2005 TeamSeason roster membership; independent from ability snapshot club,2007,lbenz FIFAIndex,07,anchored_stable_id,stable ID match; source club recorded independently,FIFA05 unique exact-name PSV row,,0,1,135451,Gomes,PSV Eindhoven,Brazil,80.0,,"{""acceleration"": 65.0, ""aggression"": 61.0, ""att_position"": null, ""ball_control"": 20.0, ""composure"": 73.0, ""creativity"": null, ""crossing"": 22.0, ""dribbling"": 26.0, ""finishing"": 40.0, ""heading"": 30.0, ""interceptions"": null, ""long_pass"": 76.0, ""long_shots"": 28.0, ""marking"": 35.0, ""penalties"": null, ""reactions"": 83.0, ""short_pass"": 22.0, ""shot_accuracy"": null, ""shot_power"": 21.0, ""slide_tackle"": 27.0, ""sprint_speed"": 58.0, ""stamina"": 73.0, ""stand_tackle"": null, ""strength"": 72.0, ""vision"": null}","existing audit mapped subset; values remain source edition observations, not modern semantic equivalences","{""acceleration"": 65.0, ""aggression"": 61.0, ""agility"": null, ""att_position"": null, ""balance"": null, ""ball_control"": 20.0, ""composure"": 73.0, ""creativity"": null, ""crossing"": 22.0, ""curve"": null, ""dribbling"": 26.0, ""finishing"": 40.0, ""free_kick_accuracy"": 73.0, ""gk_diving"": 83.0, ""gk_handling"": 83.0, ""gk_kicking"": null, ""gk_positioning"": 80.0, ""gk_reflexes"": 78.0, ""gk_rushing"": null, ""heading"": 30.0, ""interceptions"": null, ""jumping"": null, ""long_pass"": 76.0, ""long_shots"": 28.0, ""marking"": 35.0, ""penalties"": null, ""reactions"": 83.0, ""short_pass"": 22.0, ""shot_accuracy"": null, ""shot_power"": 21.0, ""slide_tackle"": 27.0, ""sprint_speed"": 58.0, ""stamina"": 73.0, ""stand_tackle"": null, ""strength"": 72.0, ""vision"": null}",ball_control;dribbling;marking;slide_tackle;stand_tackle;aggression;reactions;att_position;interceptions;vision;composure;crossing;short_pass;long_pass;acceleration;stamina;strength;balance;sprint_speed;agility;jumping;creativity;heading;shot_power;finishing;long_shots;curve;free_kick_accuracy;shot_accuracy;penalties;gk_positioning;gk_diving;gk_handling;gk_kicking;gk_reflexes;gk_rushing,23,lbenz source-native columns and values; no modern canonical-equivalence claim,74,74,74,hybrid,lbenz730/fifa_model (FIFA 05)
Alex,Alex,psv-2005-1,psv-2005,PSV,Battle Base PSV 2005 TeamSeason roster membership; independent from ability snapshot club,2005,lbenz FIFAIndex,05,anchored_stable_id,stable ID match; source club recorded independently,FIFA05 unique PSV roster row,,9,1,136130,Alex,PSV Eindhoven,Brazil,79.0,,"{""acceleration"": 90.0, ""aggression"": 60.0, ""att_position"": null, ""ball_control"": 50.0, ""composure"": 52.0, ""creativity"": 31.0, ""crossing"": 62.0, ""dribbling"": 30.0, ""finishing"": null, ""heading"": 90.0, ""interceptions"": null, ""long_pass"": 50.0, ""long_shots"": null, ""marking"": 80.0, ""penalties"": null, ""reactions"": 52.0, ""short_pass"": 59.0, ""shot_accuracy"": 75.0, ""shot_power"": 75.0, ""slide_tackle"": 80.0, ""sprint_speed"": 83.0, ""stamina"": 88.0, ""stand_tackle"": null, ""strength"": 85.0, ""vision"": null}","existing audit mapped subset; values remain source edition observations, not modern semantic equivalences","{""acceleration"": 90.0, ""aggression"": 60.0, ""agility"": null, ""att_position"": null, ""balance"": 73.0, ""ball_control"": 50.0, ""composure"": 52.0, ""creativity"": 31.0, ""crossing"": 62.0, ""curve"": null, ""dribbling"": 30.0, ""finishing"": null, ""free_kick_accuracy"": null, ""gk_diving"": null, ""gk_handling"": 27.0, ""gk_kicking"": null, ""gk_positioning"": 22.0, ""gk_reflexes"": 29.0, ""gk_rushing"": 29.0, ""heading"": 90.0, ""interceptions"": null, ""jumping"": null, ""long_pass"": 50.0, ""long_shots"": null, ""marking"": 80.0, ""penalties"": null, ""reactions"": 52.0, ""short_pass"": 59.0, ""shot_accuracy"": 75.0, ""shot_power"": 75.0, ""slide_tackle"": 80.0, ""sprint_speed"": 83.0, ""stamina"": 88.0, ""stand_tackle"": null, ""strength"": 85.0, ""vision"": null}",ball_control;dribbling;marking;slide_tackle;stand_tackle;aggression;reactions;att_position;interceptions;vision;composure;crossing;short_pass;long_pass;acceleration;stamina;strength;balance;sprint_speed;agility;jumping;creativity;heading;shot_power;finishing;long_shots;curve;free_kick_accuracy;shot_accuracy;penalties;gk_positioning;gk_diving;gk_handling;gk_kicking;gk_reflexes;gk_rushing,23,lbenz source-native columns and values; no modern canonical-equivalence claim,79,79,79,hybrid,lbenz730/fifa_model (FIFA 05)
Alex,Alex,psv-2005-1,psv-2005,PSV,Battle Base PSV 2005 TeamSeason roster membership; independent from ability snapshot club,2006,lbenz FIFAIndex,06,anchored_stable_id,stable ID match; source club recorded independently,FIFA05 unique PSV roster row,,7,1,136130,Alex,PSV Eindhoven,Brazil,80.0,,"{""acceleration"": null, ""aggression"": 60.0, ""att_position"": null, ""ball_control"": 50.0, ""composure"": 52.0, ""creativity"": null, ""crossing"": null, ""dribbling"": 31.0, ""finishing"": 91.0, ""heading"": null, ""interceptions"": null, ""long_pass"": 59.0, ""long_shots"": 42.0, ""marking"": 80.0, ""penalties"": null, ""reactions"": 52.0, ""short_pass"": 62.0, ""shot_accuracy"": null, ""shot_power"": null, ""slide_tackle"": 81.0, ""sprint_speed"": 88.0, ""stamina"": 90.0, ""stand_tackle"": null, ""strength"": 83.0, ""vision"": null}","existing audit mapped subset; values remain source edition observations, not modern semantic equivalences","{""acceleration"": null, ""aggression"": 60.0, ""agility"": null, ""att_position"": null, ""balance"": null, ""ball_control"": 50.0, ""composure"": 52.0, ""creativity"": null, ""crossing"": null, ""curve"": null, ""dribbling"": 31.0, ""finishing"": 91.0, ""free_kick_accuracy"": 75.0, ""gk_diving"": 20.0, ""gk_handling"": 23.0, ""gk_kicking"": null, ""gk_positioning"": 20.0, ""gk_reflexes"": null, ""gk_rushing"": null, ""heading"": null, ""interceptions"": null, ""jumping"": null, ""long_pass"": 59.0, ""long_shots"": 42.0, ""marking"": 80.0, ""penalties"": null, ""reactions"": 52.0, ""short_pass"": 62.0, ""shot_accuracy"": null, ""shot_power"": null, ""slide_tackle"": 81.0, ""sprint_speed"": 88.0, ""stamina"": 90.0, ""stand_tackle"": null, ""strength"": 83.0, ""vision"": null}",ball_control;dribbling;marking;slide_tackle;stand_tackle;aggression;reactions;att_position;interceptions;vision;composure;crossing;short_pass;long_pass;acceleration;stamina;strength;balance;sprint_speed;agility;jumping;creativity;heading;shot_power;finishing;long_shots;curve;free_kick_accuracy;shot_accuracy;penalties;gk_positioning;gk_diving;gk_handling;gk_kicking;gk_reflexes;gk_rushing,18,lbenz source-native columns and values; no modern canonical-equivalence claim,79,79,79,hybrid,lbenz730/fifa_model (FIFA 05)
Alex,Alex,psv-2005-1,psv-2005,PSV,Battle Base PSV 2005 TeamSeason roster membership; independent from ability snapshot club,2007,lbenz FIFAIndex,07,anchored_stable_id,stable ID match; source club recorded independently,FIFA05 unique PSV roster row,,4,1,136130,Alex,PSV Eindhoven,Brazil,86.0,,"{""acceleration"": 91.0, ""aggression"": 61.0, ""att_position"": null, ""ball_control"": 82.0, ""composure"": 76.0, ""creativity"": null, ""crossing"": 38.0, ""dribbling"": 56.0, ""finishing"": 47.0, ""heading"": 92.0, ""interceptions"": null, ""long_pass"": 52.0, ""long_shots"": 51.0, ""marking"": 86.0, ""penalties"": null, ""reactions"": 87.0, ""short_pass"": 58.0, ""shot_accuracy"": null, ""shot_power"": 79.0, ""slide_tackle"": 83.0, ""sprint_speed"": 84.0, ""stamina"": 89.0, ""stand_tackle"": null, ""strength"": 86.0, ""vision"": null}","existing audit mapped subset; values remain source edition observations, not modern semantic equivalences","{""acceleration"": 91.0, ""aggression"": 61.0, ""agility"": null, ""att_position"": null, ""balance"": null, ""ball_control"": 82.0, ""composure"": 76.0, ""creativity"": null, ""crossing"": 38.0, ""curve"": null, ""dribbling"": 56.0, ""finishing"": 47.0, ""free_kick_accuracy"": 76.0, ""gk_diving"": 12.0, ""gk_handling"": 11.0, ""gk_kicking"": null, ""gk_positioning"": 9.0, ""gk_reflexes"": 12.0, ""gk_rushing"": null, ""heading"": 92.0, ""interceptions"": null, ""jumping"": null, ""long_pass"": 52.0, ""long_shots"": 51.0, ""marking"": 86.0, ""penalties"": null, ""reactions"": 87.0, ""short_pass"": 58.0, ""shot_accuracy"": null, ""shot_power"": 79.0, ""slide_tackle"": 83.0, ""sprint_speed"": 84.0, ""stamina"": 89.0, ""stand_tackle"": null, ""strength"": 86.0, ""vision"": null}",ball_control;dribbling;marking;slide_tackle;stand_tackle;aggression;reactions;att_position;interceptions;vision;composure;crossing;short_pass;long_pass;acceleration;stamina;strength;balance;sprint_speed;agility;jumping;creativity;heading;shot_power;finishing;long_shots;curve;free_kick_accuracy;shot_accuracy;penalties;gk_positioning;gk_diving;gk_handling;gk_kicking;gk_reflexes;gk_rushing,23,lbenz source-native columns and values; no modern canonical-equivalence claim,79,79,79,hybrid,lbenz730/fifa_model (FIFA 05)
Wilfred Bouma,Wilfred Bouma,psv-2005-2,psv-2005,PSV,Battle Base PSV 2005 TeamSeason roster membership; independent from ability snapshot club,2005,lbenz FIFAIndex,05,anchored_stable_id,stable ID match; source club recorded independently,FIFA05 unique exact-name PSV row,,1,1,5741,Wilfred Bouma,PSV Eindhoven,Netherlands,79.0,,"{""acceleration"": 55.0, ""aggression"": 75.0, ""att_position"": null, ""ball_control"": 70.0, ""composure"": 89.0, ""creativity"": 84.0, ""crossing"": 65.0, ""dribbling"": 65.0, ""finishing"": null, ""heading"": 75.0, ""interceptions"": null, ""long_pass"": 93.0, ""long_shots"": null, ""marking"": 78.0, ""penalties"": null, ""reactions"": 67.0, ""short_pass"": 85.0, ""shot_accuracy"": 83.0, ""shot_power"": 87.0, ""slide_tackle"": 85.0, ""sprint_speed"": 93.0, ""stamina"": 91.0, ""stand_tackle"": null, ""strength"": 85.0, ""vision"": null}","existing audit mapped subset; values remain source edition observations, not modern semantic equivalences","{""acceleration"": 55.0, ""aggression"": 75.0, ""agility"": null, ""att_position"": null, ""balance"": 67.0, ""ball_control"": 70.0, ""composure"": 89.0, ""creativity"": 84.0, ""crossing"": 65.0, ""curve"": null, ""dribbling"": 65.0, ""finishing"": null, ""free_kick_accuracy"": null, ""gk_diving"": null, ""gk_handling"": 28.0, ""gk_kicking"": null, ""gk_positioning"": 35.0, ""gk_reflexes"": 34.0, ""gk_rushing"": 25.0, ""heading"": 75.0, ""interceptions"": null, ""jumping"": null, ""long_pass"": 93.0, ""long_shots"": null, ""marking"": 78.0, ""penalties"": null, ""reactions"": 67.0, ""short_pass"": 85.0, ""shot_accuracy"": 83.0, ""shot_power"": 87.0, ""slide_tackle"": 85.0, ""sprint_speed"": 93.0, ""stamina"": 91.0, ""stand_tackle"": null, ""strength"": 85.0, ""vision"": null}",ball_control;dribbling;marking;slide_tackle;stand_tackle;aggression;reactions;att_position;interceptions;vision;composure;crossing;short_pass;long_pass;acceleration;stamina;strength;balance;sprint_speed;agility;jumping;creativity;heading;shot_power;finishing;long_shots;curve;free_kick_accuracy;shot_accuracy;penalties;gk_positioning;gk_diving;gk_handling;gk_kicking;gk_reflexes;gk_rushing,23,lbenz source-native columns and values; no modern canonical-equivalence claim,79,79,79,hybrid,lbenz730/fifa_model (FIFA 05)
Wilfred Bouma,Wilfred Bouma,psv-2005-2,psv-2005,PSV,Battle Base PSV 2005 TeamSeason roster membership; independent from ability snapshot club,2006,lbenz FIFAIndex,06,anchored_stable_id,stable ID match; source club recorded independently,FIFA05 unique exact-name PSV row,,1,1,5741,Wilfred Bouma,PSV Eindhoven,Netherlands,79.0,,"{""acceleration"": null, ""aggression"": 75.0, ""att_position"": null, ""ball_control"": 70.0, ""composure"": 67.0, ""creativity"": null, ""crossing"": null, ""dribbling"": 36.0, ""finishing"": 75.0, ""heading"": null, ""interceptions"": null, ""long_pass"": 85.0, ""long_shots"": 79.0, ""marking"": 78.0, ""penalties"": null, ""reactions"": 89.0, ""short_pass"": 65.0, ""shot_accuracy"": null, ""shot_power"": null, ""slide_tackle"": 85.0, ""sprint_speed"": 91.0, ""stamina"": 55.0, ""stand_tackle"": null, ""strength"": 93.0, ""vision"": null}","existing audit mapped subset; values remain source edition observations, not modern semantic equivalences","{""acceleration"": null, ""aggression"": 75.0, ""agility"": null, ""att_position"": null, ""balance"": null, ""ball_control"": 70.0, ""composure"": 67.0, ""creativity"": null, ""crossing"": null, ""curve"": null, ""dribbling"": 36.0, ""finishing"": 75.0, ""free_kick_accuracy"": 87.0, ""gk_diving"": 23.0, ""gk_handling"": 22.0, ""gk_kicking"": null, ""gk_positioning"": 25.0, ""gk_reflexes"": null, ""gk_rushing"": null, ""heading"": null, ""interceptions"": null, ""jumping"": null, ""long_pass"": 85.0, ""long_shots"": 79.0, ""marking"": 78.0, ""penalties"": null, ""reactions"": 89.0, ""short_pass"": 65.0, ""shot_accuracy"": null, ""shot_power"": null, ""slide_tackle"": 85.0, ""sprint_speed"": 91.0, ""stamina"": 55.0, ""stand_tackle"": null, ""strength"": 93.0, ""vision"": null}",ball_control;dribbling;marking;slide_tackle;stand_tackle;aggression;reactions;att_position;interceptions;vision;composure;crossing;short_pass;long_pass;acceleration;stamina;strength;balance;sprint_speed;agility;jumping;creativity;heading;shot_power;finishing;long_shots;curve;free_kick_accuracy;shot_accuracy;penalties;gk_positioning;gk_diving;gk_handling;gk_kicking;gk_reflexes;gk_rushing,18,lbenz source-native columns and values; no modern canonical-equivalence claim,79,79,79,hybrid,lbenz730/fifa_model (FIFA 05)
Wilfred Bouma,Wilfred Bouma,psv-2005-2,psv-2005,PSV,Battle Base PSV 2005 TeamSeason roster membership; independent from ability snapshot club,2007,lbenz FIFAIndex,07,anchored_stable_id,stable ID match; source club recorded independently,FIFA05 unique exact-name PSV row,,1,1,5741,Wilfred Bouma,Aston Villa,Netherlands,72.0,,"{""acceleration"": 75.0, ""aggression"": 76.0, ""att_position"": null, ""ball_control"": 65.0, ""composure"": 75.0, ""creativity"": null, ""crossing"": 66.0, ""dribbling"": 37.0, ""finishing"": 62.0, ""heading"": 76.0, ""interceptions"": null, ""long_pass"": 64.0, ""long_shots"": 68.0, ""marking"": 72.0, ""penalties"": null, ""reactions"": 76.0, ""short_pass"": 63.0, ""shot_accuracy"": null, ""shot_power"": 83.0, ""slide_tackle"": 72.0, ""sprint_speed"": 74.0, ""stamina"": 81.0, ""stand_tackle"": null, ""strength"": 78.0, ""vision"": null}","existing audit mapped subset; values remain source edition observations, not modern semantic equivalences","{""acceleration"": 75.0, ""aggression"": 76.0, ""agility"": null, ""att_position"": null, ""balance"": null, ""ball_control"": 65.0, ""composure"": 75.0, ""creativity"": null, ""crossing"": 66.0, ""curve"": null, ""dribbling"": 37.0, ""finishing"": 62.0, ""free_kick_accuracy"": 75.0, ""gk_diving"": 11.0, ""gk_handling"": 12.0, ""gk_kicking"": null, ""gk_positioning"": 8.0, ""gk_reflexes"": 11.0, ""gk_rushing"": null, ""heading"": 76.0, ""interceptions"": null, ""jumping"": null, ""long_pass"": 64.0, ""long_shots"": 68.0, ""marking"": 72.0, ""penalties"": null, ""reactions"": 76.0, ""short_pass"": 63.0, ""shot_accuracy"": null, ""shot_power"": 83.0, ""slide_tackle"": 72.0, ""sprint_speed"": 74.0, ""stamina"": 81.0, ""stand_tackle"": null, ""strength"": 78.0, ""vision"": null}",ball_control;dribbling;marking;slide_tackle;stand_tackle;aggression;reactions;att_position;interceptions;vision;composure;crossing;short_pass;long_pass;acceleration;stamina;strength;balance;sprint_speed;agility;jumping;creativity;heading;shot_power;finishing;long_shots;curve;free_kick_accuracy;shot_accuracy;penalties;gk_positioning;gk_diving;gk_handling;gk_kicking;gk_reflexes;gk_rushing,23,lbenz source-native columns and values; no modern canonical-equivalence claim,79,79,79,hybrid,lbenz730/fifa_model (FIFA 05)
Lee Young-pyo,Lee Young-pyo,psv-2005-3,psv-2005,PSV,Battle Base PSV 2005 TeamSeason roster membership; independent from ability snapshot club,2005,lbenz FIFAIndex,05,anchored_stable_id,stable ID match; source club recorded independently,FIFA07 unique PSV roster row,,0,1,34666,Young-Pyo Lee,PSV Eindhoven,Korea Republic,79.0,,"{""acceleration"": 80.0, ""aggression"": 75.0, ""att_position"": null, ""ball_control"": 86.0, ""composure"": 75.0, ""creativity"": 65.0, ""crossing"": 75.0, ""dribbling"": 80.0, ""finishing"": null, ""heading"": 70.0, ""interceptions"": null, ""long_pass"": 75.0, ""long_shots"": null, ""marking"": 80.0, ""penalties"": null, ""reactions"": 76.0, ""short_pass"": 75.0, ""shot_accuracy"": 78.0, ""shot_power"": 74.0, ""slide_tackle"": 77.0, ""sprint_speed"": 85.0, ""stamina"": 74.0, ""stand_tackle"": null, ""strength"": 75.0, ""vision"": null}","existing audit mapped subset; values remain source edition observations, not modern semantic equivalences","{""acceleration"": 80.0, ""aggression"": 75.0, ""agility"": null, ""att_position"": null, ""balance"": 80.0, ""ball_control"": 86.0, ""composure"": 75.0, ""creativity"": 65.0, ""crossing"": 75.0, ""curve"": null, ""dribbling"": 80.0, ""finishing"": null, ""free_kick_accuracy"": null, ""gk_diving"": null, ""gk_handling"": 24.0, ""gk_kicking"": null, ""gk_positioning"": 25.0, ""gk_reflexes"": 20.0, ""gk_rushing"": 20.0, ""heading"": 70.0, ""interceptions"": null, ""jumping"": null, ""long_pass"": 75.0, ""long_shots"": null, ""marking"": 80.0, ""penalties"": null, ""reactions"": 76.0, ""short_pass"": 75.0, ""shot_accuracy"": 78.0, ""shot_power"": 74.0, ""slide_tackle"": 77.0, ""sprint_speed"": 85.0, ""stamina"": 74.0, ""stand_tackle"": null, ""strength"": 75.0, ""vision"": null}",ball_control;dribbling;marking;slide_tackle;stand_tackle;aggression;reactions;att_position;interceptions;vision;composure;crossing;short_pass;long_pass;acceleration;stamina;strength;balance;sprint_speed;agility;jumping;creativity;heading;shot_power;finishing;long_shots;curve;free_kick_accuracy;shot_accuracy;penalties;gk_positioning;gk_diving;gk_handling;gk_kicking;gk_reflexes;gk_rushing,23,lbenz source-native columns and values; no modern canonical-equivalence claim,79,79,79,hybrid,lbenz730/fifa_model (FIFA 05)
Lee Young-pyo,Lee Young-pyo,psv-2005-3,psv-2005,PSV,Battle Base PSV 2005 TeamSeason roster membership; independent from ability snapshot club,2006,lbenz FIFAIndex,06,anchored_stable_id,stable ID match; source club recorded independently,FIFA07 unique PSV roster row,,0,1,34666,Lee Y. P.,PSV Eindhoven,Korea Republic,79.0,,"{""acceleration"": null, ""aggression"": 75.0, ""att_position"": null, ""ball_control"": 86.0, ""composure"": 76.0, ""creativity"": null, ""crossing"": null, ""dribbling"": 80.0, ""finishing"": 70.0, ""heading"": null, ""interceptions"": null, ""long_pass"": 75.0, ""long_shots"": 66.0, ""marking"": 80.0, ""penalties"": null, ""reactions"": 75.0, ""short_pass"": 75.0, ""shot_accuracy"": null, ""shot_power"": null, ""slide_tackle"": 77.0, ""sprint_speed"": 74.0, ""stamina"": 80.0, ""stand_tackle"": null, ""strength"": 85.0, ""vision"": null}","existing audit mapped subset; values remain source edition observations, not modern semantic equivalences","{""acceleration"": null, ""aggression"": 75.0, ""agility"": null, ""att_position"": null, ""balance"": null, ""ball_control"": 86.0, ""composure"": 76.0, ""creativity"": null, ""crossing"": null, ""curve"": null, ""dribbling"": 80.0, ""finishing"": 70.0, ""free_kick_accuracy"": 74.0, ""gk_diving"": 24.0, ""gk_handling"": 23.0, ""gk_kicking"": null, ""gk_positioning"": 23.0, ""gk_reflexes"": null, ""gk_rushing"": null, ""heading"": null, ""interceptions"": null, ""jumping"": null, ""long_pass"": 75.0, ""long_shots"": 66.0, ""marking"": 80.0, ""penalties"": null, ""reactions"": 75.0, ""short_pass"": 75.0, ""shot_accuracy"": null, ""shot_power"": null, ""slide_tackle"": 77.0, ""sprint_speed"": 74.0, ""stamina"": 80.0, ""stand_tackle"": null, ""strength"": 85.0, ""vision"": null}",ball_control;dribbling;marking;slide_tackle;stand_tackle;aggression;reactions;att_position;interceptions;vision;composure;crossing;short_pass;long_pass;acceleration;stamina;strength;balance;sprint_speed;agility;jumping;creativity;heading;shot_power;finishing;long_shots;curve;free_kick_accuracy;shot_accuracy;penalties;gk_positioning;gk_diving;gk_handling;gk_kicking;gk_reflexes;gk_rushing,18,lbenz source-native columns and values; no modern canonical-equivalence claim,79,79,79,hybrid,lbenz730/fifa_model (FIFA 05)
Lee Young-pyo,Lee Young-pyo,psv-2005-3,psv-2005,PSV,Battle Base PSV 2005 TeamSeason roster membership; independent from ability snapshot club,2007,lbenz FIFAIndex,07,anchored_stable_id,stable ID match; source club recorded independently,FIFA07 unique PSV roster row,,1,1,34666,Lee Young Pyo,Tottenham Hotspur,Rep. Of Korea,79.0,,"{""acceleration"": 79.0, ""aggression"": 76.0, ""att_position"": null, ""ball_control"": 87.0, ""composure"": 76.0, ""creativity"": null, ""crossing"": 76.0, ""dribbling"": 81.0, ""finishing"": 67.0, ""heading"": 71.0, ""interceptions"": null, ""long_pass"": 76.0, ""long_shots"": 76.0, ""marking"": 81.0, ""penalties"": null, ""reactions"": 80.0, ""short_pass"": 76.0, ""shot_accuracy"": null, ""shot_power"": 75.0, ""slide_tackle"": 78.0, ""sprint_speed"": 82.0, ""stamina"": 75.0, ""stand_tackle"": null, ""strength"": 71.0, ""vision"": null}","existing audit mapped subset; values remain source edition observations, not modern semantic equivalences","{""acceleration"": 79.0, ""aggression"": 76.0, ""agility"": null, ""att_position"": null, ""balance"": null, ""ball_control"": 87.0, ""composure"": 76.0, ""creativity"": null, ""crossing"": 76.0, ""curve"": null, ""dribbling"": 81.0, ""finishing"": 67.0, ""free_kick_accuracy"": 76.0, ""gk_diving"": 8.0, ""gk_handling"": 14.0, ""gk_kicking"": null, ""gk_positioning"": 6.0, ""gk_reflexes"": 10.0, ""gk_rushing"": null, ""heading"": 71.0, ""interceptions"": null, ""jumping"": null, ""long_pass"": 76.0, ""long_shots"": 76.0, ""marking"": 81.0, ""penalties"": null, ""reactions"": 80.0, ""short_pass"": 76.0, ""shot_accuracy"": null, ""shot_power"": 75.0, ""slide_tackle"": 78.0, ""sprint_speed"": 82.0, ""stamina"": 75.0, ""stand_tackle"": null, ""strength"": 71.0, ""vision"": null}",ball_control;dribbling;marking;slide_tackle;stand_tackle;aggression;reactions;att_position;interceptions;vision;composure;crossing;short_pass;long_pass;acceleration;stamina;strength;balance;sprint_speed;agility;jumping;creativity;heading;shot_power;finishing;long_shots;curve;free_kick_accuracy;shot_accuracy;penalties;gk_positioning;gk_diving;gk_handling;gk_kicking;gk_reflexes;gk_rushing,23,lbenz source-native columns and values; no modern canonical-equivalence claim,79,79,79,hybrid,lbenz730/fifa_model (FIFA 05)
Mark van Bommel,Mark van Bommel,psv-2005-4,psv-2005,PSV,Battle Base PSV 2005 TeamSeason roster membership; independent from ability snapshot club,2005,lbenz FIFAIndex,05,anchored_stable_id,stable ID match; source club recorded independently,FIFA05 unique exact-name PSV row,,1,1,19765,Mark van Bommel,PSV Eindhoven,Netherlands,78.0,,"{""acceleration"": 75.0, ""aggression"": 86.0, ""att_position"": null, ""ball_control"": 74.0, ""composure"": 80.0, ""creativity"": 80.0, ""crossing"": 70.0, ""dribbling"": 65.0, ""finishing"": null, ""heading"": 75.0, ""interceptions"": null, ""long_pass"": 85.0, ""long_shots"": null, ""marking"": 83.0, ""penalties"": null, ""reactions"": 75.0, ""short_pass"": 85.0, ""shot_accuracy"": 75.0, ""shot_power"": 85.0, ""slide_tackle"": 80.0, ""sprint_speed"": 75.0, ""stamina"": 95.0, ""stand_tackle"": null, ""strength"": 95.0, ""vision"": null}","existing audit mapped subset; values remain source edition observations, not modern semantic equivalences","{""acceleration"": 75.0, ""aggression"": 86.0, ""agility"": null, ""att_position"": null, ""balance"": 75.0, ""ball_control"": 74.0, ""composure"": 80.0, ""creativity"": 80.0, ""crossing"": 70.0, ""curve"": null, ""dribbling"": 65.0, ""finishing"": null, ""free_kick_accuracy"": null, ""gk_diving"": null, ""gk_handling"": 29.0, ""gk_kicking"": null, ""gk_positioning"": 26.0, ""gk_reflexes"": 28.0, ""gk_rushing"": 21.0, ""heading"": 75.0, ""interceptions"": null, ""jumping"": null, ""long_pass"": 85.0, ""long_shots"": null, ""marking"": 83.0, ""penalties"": null, ""reactions"": 75.0, ""short_pass"": 85.0, ""shot_accuracy"": 75.0, ""shot_power"": 85.0, ""slide_tackle"": 80.0, ""sprint_speed"": 75.0, ""stamina"": 95.0, ""stand_tackle"": null, ""strength"": 95.0, ""vision"": null}",ball_control;dribbling;marking;slide_tackle;stand_tackle;aggression;reactions;att_position;interceptions;vision;composure;crossing;short_pass;long_pass;acceleration;stamina;strength;balance;sprint_speed;agility;jumping;creativity;heading;shot_power;finishing;long_shots;curve;free_kick_accuracy;shot_accuracy;penalties;gk_positioning;gk_diving;gk_handling;gk_kicking;gk_reflexes;gk_rushing,23,lbenz source-native columns and values; no modern canonical-equivalence claim,78,78,78,hybrid,lbenz730/fifa_model (FIFA 05)
Mark van Bommel,Mark van Bommel,psv-2005-4,psv-2005,PSV,Battle Base PSV 2005 TeamSeason roster membership; independent from ability snapshot club,2006,lbenz FIFAIndex,06,anchored_stable_id,stable ID match; source club recorded independently,FIFA05 unique exact-name PSV row,,1,1,19765,Mark Van Bommel,FC Barcelona,Netherlands,81.0,,"{""acceleration"": null, ""aggression"": 83.0, ""att_position"": null, ""ball_control"": 82.0, ""composure"": 75.0, ""creativity"": null, ""crossing"": null, ""dribbling"": 83.0, ""finishing"": 86.0, ""heading"": null, ""interceptions"": null, ""long_pass"": 88.0, ""long_shots"": 86.0, ""marking"": 86.0, ""penalties"": null, ""reactions"": 81.0, ""short_pass"": 77.0, ""shot_accuracy"": null, ""shot_power"": null, ""slide_tackle"": 75.0, ""sprint_speed"": 95.0, ""stamina"": 84.0, ""stand_tackle"": null, ""strength"": 83.0, ""vision"": null}","existing audit mapped subset; values remain source edition observations, not modern semantic equivalences","{""acceleration"": null, ""aggression"": 83.0, ""agility"": null, ""att_position"": null, ""balance"": null, ""ball_control"": 82.0, ""composure"": 75.0, ""creativity"": null, ""crossing"": null, ""curve"": null, ""dribbling"": 83.0, ""finishing"": 86.0, ""free_kick_accuracy"": 89.0, ""gk_diving"": 20.0, ""gk_handling"": 23.0, ""gk_kicking"": null, ""gk_positioning"": 20.0, ""gk_reflexes"": null, ""gk_rushing"": null, ""heading"": null, ""interceptions"": null, ""jumping"": null, ""long_pass"": 88.0, ""long_shots"": 86.0, ""marking"": 86.0, ""penalties"": null, ""reactions"": 81.0, ""short_pass"": 77.0, ""shot_accuracy"": null, ""shot_power"": null, ""slide_tackle"": 75.0, ""sprint_speed"": 95.0, ""stamina"": 84.0, ""stand_tackle"": null, ""strength"": 83.0, ""vision"": null}",ball_control;dribbling;marking;slide_tackle;stand_tackle;aggression;reactions;att_position;interceptions;vision;composure;crossing;short_pass;long_pass;acceleration;stamina;strength;balance;sprint_speed;agility;jumping;creativity;heading;shot_power;finishing;long_shots;curve;free_kick_accuracy;shot_accuracy;penalties;gk_positioning;gk_diving;gk_handling;gk_kicking;gk_reflexes;gk_rushing,18,lbenz source-native columns and values; no modern canonical-equivalence claim,78,78,78,hybrid,lbenz730/fifa_model (FIFA 05)
Mark van Bommel,Mark van Bommel,psv-2005-4,psv-2005,PSV,Battle Base PSV 2005 TeamSeason roster membership; independent from ability snapshot club,2007,lbenz FIFAIndex,07,anchored_stable_id,stable ID match; source club recorded independently,FIFA05 unique exact-name PSV row,,1,1,19765,Mark van Bommel,Bayern Munich,Netherlands,82.0,,"{""acceleration"": 83.0, ""aggression"": 82.0, ""att_position"": null, ""ball_control"": 81.0, ""composure"": 80.0, ""creativity"": null, ""crossing"": 76.0, ""dribbling"": 82.0, ""finishing"": 85.0, ""heading"": 85.0, ""interceptions"": null, ""long_pass"": 68.0, ""long_shots"": 84.0, ""marking"": 85.0, ""penalties"": null, ""reactions"": 71.0, ""short_pass"": 87.0, ""shot_accuracy"": null, ""shot_power"": 89.0, ""slide_tackle"": 70.0, ""sprint_speed"": 78.0, ""stamina"": 94.0, ""stand_tackle"": null, ""strength"": 92.0, ""vision"": null}","existing audit mapped subset; values remain source edition observations, not modern semantic equivalences","{""acceleration"": 83.0, ""aggression"": 82.0, ""agility"": null, ""att_position"": null, ""balance"": null, ""ball_control"": 81.0, ""composure"": 80.0, ""creativity"": null, ""crossing"": 76.0, ""curve"": null, ""dribbling"": 82.0, ""finishing"": 85.0, ""free_kick_accuracy"": 80.0, ""gk_diving"": 19.0, ""gk_handling"": 14.0, ""gk_kicking"": null, ""gk_positioning"": 14.0, ""gk_reflexes"": 17.0, ""gk_rushing"": null, ""heading"": 85.0, ""interceptions"": null, ""jumping"": null, ""long_pass"": 68.0, ""long_shots"": 84.0, ""marking"": 85.0, ""penalties"": null, ""reactions"": 71.0, ""short_pass"": 87.0, ""shot_accuracy"": null, ""shot_power"": 89.0, ""slide_tackle"": 70.0, ""sprint_speed"": 78.0, ""stamina"": 94.0, ""stand_tackle"": null, ""strength"": 92.0, ""vision"": null}",ball_control;dribbling;marking;slide_tackle;stand_tackle;aggression;reactions;att_position;interceptions;vision;composure;crossing;short_pass;long_pass;acceleration;stamina;strength;balance;sprint_speed;agility;jumping;creativity;heading;shot_power;finishing;long_shots;curve;free_kick_accuracy;shot_accuracy;penalties;gk_positioning;gk_diving;gk_handling;gk_kicking;gk_reflexes;gk_rushing,23,lbenz source-native columns and values; no modern canonical-equivalence claim,78,78,78,hybrid,lbenz730/fifa_model (FIFA 05)
Phillip Cocu,Phillip Cocu,psv-2005-5,psv-2005,PSV,Battle Base PSV 2005 TeamSeason roster membership; independent from ability snapshot club,2005,lbenz FIFAIndex,05,validated_alias_stable_id,stable ID match; source club recorded independently,FIFA05-07 unique Philip Cocu rows; Netherlands; PSV,Philip Cocu,1,1,5736,Philip Cocu,PSV Eindhoven,Netherlands,79.0,,"{""acceleration"": 75.0, ""aggression"": 87.0, ""att_position"": null, ""ball_control"": 76.0, ""composure"": 79.0, ""creativity"": 82.0, ""crossing"": 45.0, ""dribbling"": 95.0, ""finishing"": null, ""heading"": 55.0, ""interceptions"": null, ""long_pass"": 78.0, ""long_shots"": null, ""marking"": 76.0, ""penalties"": null, ""reactions"": 79.0, ""short_pass"": 75.0, ""shot_accuracy"": 55.0, ""shot_power"": 75.0, ""slide_tackle"": 85.0, ""sprint_speed"": 65.0, ""stamina"": 88.0, ""stand_tackle"": null, ""strength"": 87.0, ""vision"": null}","existing audit mapped subset; values remain source edition observations, not modern semantic equivalences","{""acceleration"": 75.0, ""aggression"": 87.0, ""agility"": null, ""att_position"": null, ""balance"": 79.0, ""ball_control"": 76.0, ""composure"": 79.0, ""creativity"": 82.0, ""crossing"": 45.0, ""curve"": null, ""dribbling"": 95.0, ""finishing"": null, ""free_kick_accuracy"": null, ""gk_diving"": null, ""gk_handling"": 23.0, ""gk_kicking"": null, ""gk_positioning"": 25.0, ""gk_reflexes"": 21.0, ""gk_rushing"": 22.0, ""heading"": 55.0, ""interceptions"": null, ""jumping"": null, ""long_pass"": 78.0, ""long_shots"": null, ""marking"": 76.0, ""penalties"": null, ""reactions"": 79.0, ""short_pass"": 75.0, ""shot_accuracy"": 55.0, ""shot_power"": 75.0, ""slide_tackle"": 85.0, ""sprint_speed"": 65.0, ""stamina"": 88.0, ""stand_tackle"": null, ""strength"": 87.0, ""vision"": null}",ball_control;dribbling;marking;slide_tackle;stand_tackle;aggression;reactions;att_position;interceptions;vision;composure;crossing;short_pass;long_pass;acceleration;stamina;strength;balance;sprint_speed;agility;jumping;creativity;heading;shot_power;finishing;long_shots;curve;free_kick_accuracy;shot_accuracy;penalties;gk_positioning;gk_diving;gk_handling;gk_kicking;gk_reflexes;gk_rushing,23,lbenz source-native columns and values; no modern canonical-equivalence claim,79,79,79,hybrid,lbenz730/fifa_model (FIFA 05)
Phillip Cocu,Phillip Cocu,psv-2005-5,psv-2005,PSV,Battle Base PSV 2005 TeamSeason roster membership; independent from ability snapshot club,2006,lbenz FIFAIndex,06,validated_alias_stable_id,stable ID match; source club recorded independently,FIFA05-07 unique Philip Cocu rows; Netherlands; PSV,Philip Cocu,1,1,5736,Philip Cocu,PSV Eindhoven,Netherlands,79.0,,"{""acceleration"": null, ""aggression"": 87.0, ""att_position"": null, ""ball_control"": 76.0, ""composure"": 79.0, ""creativity"": null, ""crossing"": null, ""dribbling"": 95.0, ""finishing"": 55.0, ""heading"": null, ""interceptions"": null, ""long_pass"": 75.0, ""long_shots"": 43.0, ""marking"": 76.0, ""penalties"": null, ""reactions"": 79.0, ""short_pass"": 45.0, ""shot_accuracy"": null, ""shot_power"": null, ""slide_tackle"": 85.0, ""sprint_speed"": 88.0, ""stamina"": 75.0, ""stand_tackle"": null, ""strength"": 66.0, ""vision"": null}","existing audit mapped subset; values remain source edition observations, not modern semantic equivalences","{""acceleration"": null, ""aggression"": 87.0, ""agility"": null, ""att_position"": null, ""balance"": null, ""ball_control"": 76.0, ""composure"": 79.0, ""creativity"": null, ""crossing"": null, ""curve"": null, ""dribbling"": 95.0, ""finishing"": 55.0, ""free_kick_accuracy"": 75.0, ""gk_diving"": 22.0, ""gk_handling"": 22.0, ""gk_kicking"": null, ""gk_positioning"": 20.0, ""gk_reflexes"": null, ""gk_rushing"": null, ""heading"": null, ""interceptions"": null, ""jumping"": null, ""long_pass"": 75.0, ""long_shots"": 43.0, ""marking"": 76.0, ""penalties"": null, ""reactions"": 79.0, ""short_pass"": 45.0, ""shot_accuracy"": null, ""shot_power"": null, ""slide_tackle"": 85.0, ""sprint_speed"": 88.0, ""stamina"": 75.0, ""stand_tackle"": null, ""strength"": 66.0, ""vision"": null}",ball_control;dribbling;marking;slide_tackle;stand_tackle;aggression;reactions;att_position;interceptions;vision;composure;crossing;short_pass;long_pass;acceleration;stamina;strength;balance;sprint_speed;agility;jumping;creativity;heading;shot_power;finishing;long_shots;curve;free_kick_accuracy;shot_accuracy;penalties;gk_positioning;gk_diving;gk_handling;gk_kicking;gk_reflexes;gk_rushing,18,lbenz source-native columns and values; no modern canonical-equivalence claim,79,79,79,hybrid,lbenz730/fifa_model (FIFA 05)
Phillip Cocu,Phillip Cocu,psv-2005-5,psv-2005,PSV,Battle Base PSV 2005 TeamSeason roster membership; independent from ability snapshot club,2007,lbenz FIFAIndex,07,validated_alias_stable_id,stable ID match; source club recorded independently,FIFA05-07 unique Philip Cocu rows; Netherlands; PSV,Philip Cocu,1,1,5736,Philip Cocu,PSV Eindhoven,Netherlands,87.0,,"{""acceleration"": 76.0, ""aggression"": 75.0, ""att_position"": null, ""ball_control"": 87.0, ""composure"": 80.0, ""creativity"": null, ""crossing"": 46.0, ""dribbling"": 89.0, ""finishing"": 52.0, ""heading"": 78.0, ""interceptions"": null, ""long_pass"": 87.0, ""long_shots"": 68.0, ""marking"": 73.0, ""penalties"": null, ""reactions"": 78.0, ""short_pass"": 89.0, ""shot_accuracy"": null, ""shot_power"": 69.0, ""slide_tackle"": 76.0, ""sprint_speed"": 67.0, ""stamina"": 89.0, ""stand_tackle"": null, ""strength"": 88.0, ""vision"": null}","existing audit mapped subset; values remain source edition observations, not modern semantic equivalences","{""acceleration"": 76.0, ""aggression"": 75.0, ""agility"": null, ""att_position"": null, ""balance"": null, ""ball_control"": 87.0, ""composure"": 80.0, ""creativity"": null, ""crossing"": 46.0, ""curve"": null, ""dribbling"": 89.0, ""finishing"": 52.0, ""free_kick_accuracy"": 80.0, ""gk_diving"": 10.0, ""gk_handling"": 7.0, ""gk_kicking"": null, ""gk_positioning"": 5.0, ""gk_reflexes"": 10.0, ""gk_rushing"": null, ""heading"": 78.0, ""interceptions"": null, ""jumping"": null, ""long_pass"": 87.0, ""long_shots"": 68.0, ""marking"": 73.0, ""penalties"": null, ""reactions"": 78.0, ""short_pass"": 89.0, ""shot_accuracy"": null, ""shot_power"": 69.0, ""slide_tackle"": 76.0, ""sprint_speed"": 67.0, ""stamina"": 89.0, ""stand_tackle"": null, ""strength"": 88.0, ""vision"": null}",ball_control;dribbling;marking;slide_tackle;stand_tackle;aggression;reactions;att_position;interceptions;vision;composure;crossing;short_pass;long_pass;acceleration;stamina;strength;balance;sprint_speed;agility;jumping;creativity;heading;shot_power;finishing;long_shots;curve;free_kick_accuracy;shot_accuracy;penalties;gk_positioning;gk_diving;gk_handling;gk_kicking;gk_reflexes;gk_rushing,23,lbenz source-native columns and values; no modern canonical-equivalence claim,79,79,79,hybrid,lbenz730/fifa_model (FIFA 05)
Park Ji-sung,Park Ji-sung,psv-2005-6,psv-2005,PSV,Battle Base PSV 2005 TeamSeason roster membership; independent from ability snapshot club,2005,lbenz FIFAIndex,05,anchored_stable_id,stable ID match; source club recorded independently,FIFA07 unique PSV roster row,,0,1,39943,J. S. Park,PSV Eindhoven,Korea Republic,77.0,,"{""acceleration"": 81.0, ""aggression"": 70.0, ""att_position"": null, ""ball_control"": 80.0, ""composure"": 74.0, ""creativity"": 70.0, ""crossing"": 81.0, ""dribbling"": 80.0, ""finishing"": null, ""heading"": 75.0, ""interceptions"": null, ""long_pass"": 70.0, ""long_shots"": null, ""marking"": 85.0, ""penalties"": null, ""reactions"": 70.0, ""short_pass"": 79.0, ""shot_accuracy"": 75.0, ""shot_power"": 71.0, ""slide_tackle"": 70.0, ""sprint_speed"": 85.0, ""stamina"": 81.0, ""stand_tackle"": null, ""strength"": 81.0, ""vision"": null}","existing audit mapped subset; values remain source edition observations, not modern semantic equivalences","{""acceleration"": 81.0, ""aggression"": 70.0, ""agility"": null, ""att_position"": null, ""balance"": 80.0, ""ball_control"": 80.0, ""composure"": 74.0, ""creativity"": 70.0, ""crossing"": 81.0, ""curve"": null, ""dribbling"": 80.0, ""finishing"": null, ""free_kick_accuracy"": null, ""gk_diving"": null, ""gk_handling"": 25.0, ""gk_kicking"": null, ""gk_positioning"": 34.0, ""gk_reflexes"": 26.0, ""gk_rushing"": 36.0, ""heading"": 75.0, ""interceptions"": null, ""jumping"": null, ""long_pass"": 70.0, ""long_shots"": null, ""marking"": 85.0, ""penalties"": null, ""reactions"": 70.0, ""short_pass"": 79.0, ""shot_accuracy"": 75.0, ""shot_power"": 71.0, ""slide_tackle"": 70.0, ""sprint_speed"": 85.0, ""stamina"": 81.0, ""stand_tackle"": null, ""strength"": 81.0, ""vision"": null}",ball_control;dribbling;marking;slide_tackle;stand_tackle;aggression;reactions;att_position;interceptions;vision;composure;crossing;short_pass;long_pass;acceleration;stamina;strength;balance;sprint_speed;agility;jumping;creativity;heading;shot_power;finishing;long_shots;curve;free_kick_accuracy;shot_accuracy;penalties;gk_positioning;gk_diving;gk_handling;gk_kicking;gk_reflexes;gk_rushing,23,lbenz source-native columns and values; no modern canonical-equivalence claim,77,77,77,hybrid,lbenz730/fifa_model (FIFA 05)
Park Ji-sung,Park Ji-sung,psv-2005-6,psv-2005,PSV,Battle Base PSV 2005 TeamSeason roster membership; independent from ability snapshot club,2006,lbenz FIFAIndex,06,anchored_stable_id,stable ID match; source club recorded independently,FIFA07 unique PSV roster row,,0,1,39943,Park J. S.,Manchester United,Korea Republic,82.0,,"{""acceleration"": null, ""aggression"": 70.0, ""att_position"": null, ""ball_control"": 85.0, ""composure"": 92.0, ""creativity"": null, ""crossing"": null, ""dribbling"": 82.0, ""finishing"": 74.0, ""heading"": null, ""interceptions"": null, ""long_pass"": 90.0, ""long_shots"": 75.0, ""marking"": 83.0, ""penalties"": null, ""reactions"": 86.0, ""short_pass"": 81.0, ""shot_accuracy"": null, ""shot_power"": null, ""slide_tackle"": 76.0, ""sprint_speed"": 81.0, ""stamina"": 86.0, ""stand_tackle"": null, ""strength"": 85.0, ""vision"": null}","existing audit mapped subset; values remain source edition observations, not modern semantic equivalences","{""acceleration"": null, ""aggression"": 70.0, ""agility"": null, ""att_position"": null, ""balance"": null, ""ball_control"": 85.0, ""composure"": 92.0, ""creativity"": null, ""crossing"": null, ""curve"": null, ""dribbling"": 82.0, ""finishing"": 74.0, ""free_kick_accuracy"": 71.0, ""gk_diving"": 25.0, ""gk_handling"": 23.0, ""gk_kicking"": null, ""gk_positioning"": 23.0, ""gk_reflexes"": null, ""gk_rushing"": null, ""heading"": null, ""interceptions"": null, ""jumping"": null, ""long_pass"": 90.0, ""long_shots"": 75.0, ""marking"": 83.0, ""penalties"": null, ""reactions"": 86.0, ""short_pass"": 81.0, ""shot_accuracy"": null, ""shot_power"": null, ""slide_tackle"": 76.0, ""sprint_speed"": 81.0, ""stamina"": 86.0, ""stand_tackle"": null, ""strength"": 85.0, ""vision"": null}",ball_control;dribbling;marking;slide_tackle;stand_tackle;aggression;reactions;att_position;interceptions;vision;composure;crossing;short_pass;long_pass;acceleration;stamina;strength;balance;sprint_speed;agility;jumping;creativity;heading;shot_power;finishing;long_shots;curve;free_kick_accuracy;shot_accuracy;penalties;gk_positioning;gk_diving;gk_handling;gk_kicking;gk_reflexes;gk_rushing,18,lbenz source-native columns and values; no modern canonical-equivalence claim,77,77,77,hybrid,lbenz730/fifa_model (FIFA 05)
Park Ji-sung,Park Ji-sung,psv-2005-6,psv-2005,PSV,Battle Base PSV 2005 TeamSeason roster membership; independent from ability snapshot club,2007,lbenz FIFAIndex,07,anchored_stable_id,stable ID match; source club recorded independently,FIFA07 unique PSV roster row,,1,1,39943,Park Ji Sung,Manchester United,Rep. Of Korea,79.0,,"{""acceleration"": 81.0, ""aggression"": 69.0, ""att_position"": null, ""ball_control"": 82.0, ""composure"": 75.0, ""creativity"": null, ""crossing"": 77.0, ""dribbling"": 81.0, ""finishing"": 74.0, ""heading"": 73.0, ""interceptions"": null, ""long_pass"": 65.0, ""long_shots"": 63.0, ""marking"": 80.0, ""penalties"": null, ""reactions"": 70.0, ""short_pass"": 81.0, ""shot_accuracy"": null, ""shot_power"": 70.0, ""slide_tackle"": 75.0, ""sprint_speed"": 82.0, ""stamina"": 85.0, ""stand_tackle"": null, ""strength"": 67.0, ""vision"": null}","existing audit mapped subset; values remain source edition observations, not modern semantic equivalences","{""acceleration"": 81.0, ""aggression"": 69.0, ""agility"": null, ""att_position"": null, ""balance"": null, ""ball_control"": 82.0, ""composure"": 75.0, ""creativity"": null, ""crossing"": 77.0, ""curve"": null, ""dribbling"": 81.0, ""finishing"": 74.0, ""free_kick_accuracy"": 75.0, ""gk_diving"": 10.0, ""gk_handling"": 7.0, ""gk_kicking"": null, ""gk_positioning"": 14.0, ""gk_reflexes"": 5.0, ""gk_rushing"": null, ""heading"": 73.0, ""interceptions"": null, ""jumping"": null, ""long_pass"": 65.0, ""long_shots"": 63.0, ""marking"": 80.0, ""penalties"": null, ""reactions"": 70.0, ""short_pass"": 81.0, ""shot_accuracy"": null, ""shot_power"": 70.0, ""slide_tackle"": 75.0, ""sprint_speed"": 82.0, ""stamina"": 85.0, ""stand_tackle"": null, ""strength"": 67.0, ""vision"": null}",ball_control;dribbling;marking;slide_tackle;stand_tackle;aggression;reactions;att_position;interceptions;vision;composure;crossing;short_pass;long_pass;acceleration;stamina;strength;balance;sprint_speed;agility;jumping;creativity;heading;shot_power;finishing;long_shots;curve;free_kick_accuracy;shot_accuracy;penalties;gk_positioning;gk_diving;gk_handling;gk_kicking;gk_reflexes;gk_rushing,23,lbenz source-native columns and values; no modern canonical-equivalence claim,77,77,77,hybrid,lbenz730/fifa_model (FIFA 05)
Jefferson Farfan,Jefferson Farfan,psv-2005-7,psv-2005,PSV,Battle Base PSV 2005 TeamSeason roster membership; independent from ability snapshot club,2005,lbenz FIFAIndex,05,anchored_stable_id,stable ID match; source club recorded independently,FIFA05 unique PSV roster row,,1,1,158133,Jefferson Farfán,PSV Eindhoven,Peru,48.0,,"{""acceleration"": 61.0, ""aggression"": 65.0, ""att_position"": null, ""ball_control"": 50.0, ""composure"": 53.0, ""creativity"": 42.0, ""crossing"": 41.0, ""dribbling"": 48.0, ""finishing"": null, ""heading"": 40.0, ""interceptions"": null, ""long_pass"": 25.0, ""long_shots"": null, ""marking"": 29.0, ""penalties"": null, ""reactions"": 57.0, ""short_pass"": 50.0, ""shot_accuracy"": 46.0, ""shot_power"": 47.0, ""slide_tackle"": 33.0, ""sprint_speed"": 58.0, ""stamina"": 65.0, ""stand_tackle"": null, ""strength"": 51.0, ""vision"": null}","existing audit mapped subset; values remain source edition observations, not modern semantic equivalences","{""acceleration"": 61.0, ""aggression"": 65.0, ""agility"": null, ""att_position"": null, ""balance"": 54.0, ""ball_control"": 50.0, ""composure"": 53.0, ""creativity"": 42.0, ""crossing"": 41.0, ""curve"": null, ""dribbling"": 48.0, ""finishing"": null, ""free_kick_accuracy"": null, ""gk_diving"": null, ""gk_handling"": 20.0, ""gk_kicking"": null, ""gk_positioning"": 20.0, ""gk_reflexes"": 20.0, ""gk_rushing"": 20.0, ""heading"": 40.0, ""interceptions"": null, ""jumping"": null, ""long_pass"": 25.0, ""long_shots"": null, ""marking"": 29.0, ""penalties"": null, ""reactions"": 57.0, ""short_pass"": 50.0, ""shot_accuracy"": 46.0, ""shot_power"": 47.0, ""slide_tackle"": 33.0, ""sprint_speed"": 58.0, ""stamina"": 65.0, ""stand_tackle"": null, ""strength"": 51.0, ""vision"": null}",ball_control;dribbling;marking;slide_tackle;stand_tackle;aggression;reactions;att_position;interceptions;vision;composure;crossing;short_pass;long_pass;acceleration;stamina;strength;balance;sprint_speed;agility;jumping;creativity;heading;shot_power;finishing;long_shots;curve;free_kick_accuracy;shot_accuracy;penalties;gk_positioning;gk_diving;gk_handling;gk_kicking;gk_reflexes;gk_rushing,23,lbenz source-native columns and values; no modern canonical-equivalence claim,48,48,48,hybrid,lbenz730/fifa_model (FIFA 05)
Jefferson Farfan,Jefferson Farfan,psv-2005-7,psv-2005,PSV,Battle Base PSV 2005 TeamSeason roster membership; independent from ability snapshot club,2006,lbenz FIFAIndex,06,anchored_stable_id,stable ID match; source club recorded independently,FIFA05 unique PSV roster row,,1,1,158133,Jefferson Farfán,PSV Eindhoven,Peru,69.0,,"{""acceleration"": null, ""aggression"": 65.0, ""att_position"": null, ""ball_control"": 70.0, ""composure"": 57.0, ""creativity"": null, ""crossing"": null, ""dribbling"": 70.0, ""finishing"": 64.0, ""heading"": null, ""interceptions"": null, ""long_pass"": 72.0, ""long_shots"": 65.0, ""marking"": 29.0, ""penalties"": null, ""reactions"": 53.0, ""short_pass"": 60.0, ""shot_accuracy"": null, ""shot_power"": null, ""slide_tackle"": 59.0, ""sprint_speed"": 65.0, ""stamina"": 75.0, ""stand_tackle"": null, ""strength"": 58.0, ""vision"": null}","existing audit mapped subset; values remain source edition observations, not modern semantic equivalences","{""acceleration"": null, ""aggression"": 65.0, ""agility"": null, ""att_position"": null, ""balance"": null, ""ball_control"": 70.0, ""composure"": 57.0, ""creativity"": null, ""crossing"": null, ""curve"": null, ""dribbling"": 70.0, ""finishing"": 64.0, ""free_kick_accuracy"": 76.0, ""gk_diving"": 22.0, ""gk_handling"": 22.0, ""gk_kicking"": null, ""gk_positioning"": 21.0, ""gk_reflexes"": null, ""gk_rushing"": null, ""heading"": null, ""interceptions"": null, ""jumping"": null, ""long_pass"": 72.0, ""long_shots"": 65.0, ""marking"": 29.0, ""penalties"": null, ""reactions"": 53.0, ""short_pass"": 60.0, ""shot_accuracy"": null, ""shot_power"": null, ""slide_tackle"": 59.0, ""sprint_speed"": 65.0, ""stamina"": 75.0, ""stand_tackle"": null, ""strength"": 58.0, ""vision"": null}",ball_control;dribbling;marking;slide_tackle;stand_tackle;aggression;reactions;att_position;interceptions;vision;composure;crossing;short_pass;long_pass;acceleration;stamina;strength;balance;sprint_speed;agility;jumping;creativity;heading;shot_power;finishing;long_shots;curve;free_kick_accuracy;shot_accuracy;penalties;gk_positioning;gk_diving;gk_handling;gk_kicking;gk_reflexes;gk_rushing,18,lbenz source-native columns and values; no modern canonical-equivalence claim,48,48,48,hybrid,lbenz730/fifa_model (FIFA 05)
Jefferson Farfan,Jefferson Farfan,psv-2005-7,psv-2005,PSV,Battle Base PSV 2005 TeamSeason roster membership; independent from ability snapshot club,2007,lbenz FIFAIndex,07,anchored_stable_id,stable ID match; source club recorded independently,FIFA05 unique PSV roster row,,1,1,158133,Jefferson Farfán,PSV Eindhoven,Peru,73.0,,"{""acceleration"": 76.0, ""aggression"": 66.0, ""att_position"": null, ""ball_control"": 78.0, ""composure"": 69.0, ""creativity"": null, ""crossing"": 61.0, ""dribbling"": 77.0, ""finishing"": 66.0, ""heading"": 65.0, ""interceptions"": null, ""long_pass"": 39.0, ""long_shots"": 76.0, ""marking"": 30.0, ""penalties"": null, ""reactions"": 72.0, ""short_pass"": 62.0, ""shot_accuracy"": null, ""shot_power"": 79.0, ""slide_tackle"": 31.0, ""sprint_speed"": 73.0, ""stamina"": 66.0, ""stand_tackle"": null, ""strength"": 61.0, ""vision"": null}","existing audit mapped subset; values remain source edition observations, not modern semantic equivalences","{""acceleration"": 76.0, ""aggression"": 66.0, ""agility"": null, ""att_position"": null, ""balance"": null, ""ball_control"": 78.0, ""composure"": 69.0, ""creativity"": null, ""crossing"": 61.0, ""curve"": null, ""dribbling"": 77.0, ""finishing"": 66.0, ""free_kick_accuracy"": 69.0, ""gk_diving"": 5.0, ""gk_handling"": 10.0, ""gk_kicking"": null, ""gk_positioning"": 9.0, ""gk_reflexes"": 14.0, ""gk_rushing"": null, ""heading"": 65.0, ""interceptions"": null, ""jumping"": null, ""long_pass"": 39.0, ""long_shots"": 76.0, ""marking"": 30.0, ""penalties"": null, ""reactions"": 72.0, ""short_pass"": 62.0, ""shot_accuracy"": null, ""shot_power"": 79.0, ""slide_tackle"": 31.0, ""sprint_speed"": 73.0, ""stamina"": 66.0, ""stand_tackle"": null, ""strength"": 61.0, ""vision"": null}",ball_control;dribbling;marking;slide_tackle;stand_tackle;aggression;reactions;att_position;interceptions;vision;composure;crossing;short_pass;long_pass;acceleration;stamina;strength;balance;sprint_speed;agility;jumping;creativity;heading;shot_power;finishing;long_shots;curve;free_kick_accuracy;shot_accuracy;penalties;gk_positioning;gk_diving;gk_handling;gk_kicking;gk_reflexes;gk_rushing,23,lbenz source-native columns and values; no modern canonical-equivalence claim,48,48,48,hybrid,lbenz730/fifa_model (FIFA 05)
Jan Vennegoor of Hesselink,Jan Vennegoor of Hesselink,psv-2005-8,psv-2005,PSV,Battle Base PSV 2005 TeamSeason roster membership; independent from ability snapshot club,2005,lbenz FIFAIndex,05,anchored_stable_id,stable ID match; source club recorded independently,FIFA05 source row Jan Vennegoor of H.; stable ID verified across FIFA05-07,,0,1,27488,Jan Vennegoor of H.,PSV Eindhoven,Netherlands,70.0,,"{""acceleration"": 60.0, ""aggression"": 66.0, ""att_position"": null, ""ball_control"": 71.0, ""composure"": 91.0, ""creativity"": 40.0, ""crossing"": 45.0, ""dribbling"": 65.0, ""finishing"": null, ""heading"": 95.0, ""interceptions"": null, ""long_pass"": 42.0, ""long_shots"": null, ""marking"": 31.0, ""penalties"": null, ""reactions"": 81.0, ""short_pass"": 65.0, ""shot_accuracy"": 65.0, ""shot_power"": 75.0, ""slide_tackle"": 45.0, ""sprint_speed"": 75.0, ""stamina"": 90.0, ""stand_tackle"": null, ""strength"": 93.0, ""vision"": null}","existing audit mapped subset; values remain source edition observations, not modern semantic equivalences","{""acceleration"": 60.0, ""aggression"": 66.0, ""agility"": null, ""att_position"": null, ""balance"": 82.0, ""ball_control"": 71.0, ""composure"": 91.0, ""creativity"": 40.0, ""crossing"": 45.0, ""curve"": null, ""dribbling"": 65.0, ""finishing"": null, ""free_kick_accuracy"": null, ""gk_diving"": null, ""gk_handling"": 31.0, ""gk_kicking"": null, ""gk_positioning"": 25.0, ""gk_reflexes"": 34.0, ""gk_rushing"": 30.0, ""heading"": 95.0, ""interceptions"": null, ""jumping"": null, ""long_pass"": 42.0, ""long_shots"": null, ""marking"": 31.0, ""penalties"": null, ""reactions"": 81.0, ""short_pass"": 65.0, ""shot_accuracy"": 65.0, ""shot_power"": 75.0, ""slide_tackle"": 45.0, ""sprint_speed"": 75.0, ""stamina"": 90.0, ""stand_tackle"": null, ""strength"": 93.0, ""vision"": null}",ball_control;dribbling;marking;slide_tackle;stand_tackle;aggression;reactions;att_position;interceptions;vision;composure;crossing;short_pass;long_pass;acceleration;stamina;strength;balance;sprint_speed;agility;jumping;creativity;heading;shot_power;finishing;long_shots;curve;free_kick_accuracy;shot_accuracy;penalties;gk_positioning;gk_diving;gk_handling;gk_kicking;gk_reflexes;gk_rushing,23,lbenz source-native columns and values; no modern canonical-equivalence claim,70,70,70,hybrid,lbenz730/fifa_model (FIFA 05)
Jan Vennegoor of Hesselink,Jan Vennegoor of Hesselink,psv-2005-8,psv-2005,PSV,Battle Base PSV 2005 TeamSeason roster membership; independent from ability snapshot club,2006,lbenz FIFAIndex,06,anchored_stable_id,stable ID match; source club recorded independently,FIFA05 source row Jan Vennegoor of H.; stable ID verified across FIFA05-07,,0,1,27488,Jan Vennegoor of H.,PSV Eindhoven,Netherlands,74.0,,"{""acceleration"": null, ""aggression"": 66.0, ""att_position"": null, ""ball_control"": 71.0, ""composure"": 81.0, ""creativity"": null, ""crossing"": null, ""dribbling"": 61.0, ""finishing"": 95.0, ""heading"": null, ""interceptions"": null, ""long_pass"": 59.0, ""long_shots"": 80.0, ""marking"": 31.0, ""penalties"": null, ""reactions"": 91.0, ""short_pass"": 45.0, ""shot_accuracy"": null, ""shot_power"": null, ""slide_tackle"": 45.0, ""sprint_speed"": 90.0, ""stamina"": 60.0, ""stand_tackle"": null, ""strength"": 75.0, ""vision"": null}","existing audit mapped subset; values remain source edition observations, not modern semantic equivalences","{""acceleration"": null, ""aggression"": 66.0, ""agility"": null, ""att_position"": null, ""balance"": null, ""ball_control"": 71.0, ""composure"": 81.0, ""creativity"": null, ""crossing"": null, ""curve"": null, ""dribbling"": 61.0, ""finishing"": 95.0, ""free_kick_accuracy"": 75.0, ""gk_diving"": 24.0, ""gk_handling"": 21.0, ""gk_kicking"": null, ""gk_positioning"": 20.0, ""gk_reflexes"": null, ""gk_rushing"": null, ""heading"": null, ""interceptions"": null, ""jumping"": null, ""long_pass"": 59.0, ""long_shots"": 80.0, ""marking"": 31.0, ""penalties"": null, ""reactions"": 91.0, ""short_pass"": 45.0, ""shot_accuracy"": null, ""shot_power"": null, ""slide_tackle"": 45.0, ""sprint_speed"": 90.0, ""stamina"": 60.0, ""stand_tackle"": null, ""strength"": 75.0, ""vision"": null}",ball_control;dribbling;marking;slide_tackle;stand_tackle;aggression;reactions;att_position;interceptions;vision;composure;crossing;short_pass;long_pass;acceleration;stamina;strength;balance;sprint_speed;agility;jumping;creativity;heading;shot_power;finishing;long_shots;curve;free_kick_accuracy;shot_accuracy;penalties;gk_positioning;gk_diving;gk_handling;gk_kicking;gk_reflexes;gk_rushing,18,lbenz source-native columns and values; no modern canonical-equivalence claim,70,70,70,hybrid,lbenz730/fifa_model (FIFA 05)
Jan Vennegoor of Hesselink,Jan Vennegoor of Hesselink,psv-2005-8,psv-2005,PSV,Battle Base PSV 2005 TeamSeason roster membership; independent from ability snapshot club,2007,lbenz FIFAIndex,07,anchored_stable_id,stable ID match; source club recorded independently,FIFA05 source row Jan Vennegoor of H.; stable ID verified across FIFA05-07,,0,1,27488,Jan Vennegoor of H.,Celtic,Netherlands,81.0,,"{""acceleration"": 71.0, ""aggression"": 67.0, ""att_position"": null, ""ball_control"": 78.0, ""composure"": 92.0, ""creativity"": null, ""crossing"": 46.0, ""dribbling"": 69.0, ""finishing"": 84.0, ""heading"": 90.0, ""interceptions"": null, ""long_pass"": 62.0, ""long_shots"": 80.0, ""marking"": 32.0, ""penalties"": null, ""reactions"": 69.0, ""short_pass"": 60.0, ""shot_accuracy"": null, ""shot_power"": 86.0, ""slide_tackle"": 46.0, ""sprint_speed"": 76.0, ""stamina"": 86.0, ""stand_tackle"": null, ""strength"": 89.0, ""vision"": null}","existing audit mapped subset; values remain source edition observations, not modern semantic equivalences","{""acceleration"": 71.0, ""aggression"": 67.0, ""agility"": null, ""att_position"": null, ""balance"": null, ""ball_control"": 78.0, ""composure"": 92.0, ""creativity"": null, ""crossing"": 46.0, ""curve"": null, ""dribbling"": 69.0, ""finishing"": 84.0, ""free_kick_accuracy"": 92.0, ""gk_diving"": 8.0, ""gk_handling"": 15.0, ""gk_kicking"": null, ""gk_positioning"": 12.0, ""gk_reflexes"": 7.0, ""gk_rushing"": null, ""heading"": 90.0, ""interceptions"": null, ""jumping"": null, ""long_pass"": 62.0, ""long_shots"": 80.0, ""marking"": 32.0, ""penalties"": null, ""reactions"": 69.0, ""short_pass"": 60.0, ""shot_accuracy"": null, ""shot_power"": 86.0, ""slide_tackle"": 46.0, ""sprint_speed"": 76.0, ""stamina"": 86.0, ""stand_tackle"": null, ""strength"": 89.0, ""vision"": null}",ball_control;dribbling;marking;slide_tackle;stand_tackle;aggression;reactions;att_position;interceptions;vision;composure;crossing;short_pass;long_pass;acceleration;stamina;strength;balance;sprint_speed;agility;jumping;creativity;heading;shot_power;finishing;long_shots;curve;free_kick_accuracy;shot_accuracy;penalties;gk_positioning;gk_diving;gk_handling;gk_kicking;gk_reflexes;gk_rushing,23,lbenz source-native columns and values; no modern canonical-equivalence claim,70,70,70,hybrid,lbenz730/fifa_model (FIFA 05)
