source,edition_a,edition_b,year_a,year_b,position_group,matched_player_pairs,mean_delta_b_minus_a,median_delta,p10_delta,p90_delta,mean_absolute_delta,unchanged_pct,within_plus_minus_1_pct,increase_pct,decrease_pct,club_changed_pairs,club_changed_pct,privacy_scope
Mzafram SoFIFA,FC24,FC25,2024,2025,CAM,713,0.7110799438990182,0.0,-1.0,3.800000000000068,1.5217391304347827,0.315568,0.626928,0.426367,0.258065,279,0.391304,"aggregated counts and deltas; no source player names, IDs, or row-level ratings"
Mzafram SoFIFA,FC24,FC25,2024,2025,CB,2373,0.5853350189633375,0.0,-2.0,3.0,1.517488411293721,0.297514,0.62579,0.42225,0.280236,843,0.355247,"aggregated counts and deltas; no source player names, IDs, or row-level ratings"
Mzafram SoFIFA,FC24,FC25,2024,2025,CDM,1024,0.4326171875,0.0,-2.0,3.0,1.4345703125,0.334961,0.638672,0.373047,0.291992,346,0.337891,"aggregated counts and deltas; no source player names, IDs, or row-level ratings"
Mzafram SoFIFA,FC24,FC25,2024,2025,CF/ST,1787,0.519306099608282,0.0,-2.0,3.0,1.621712367095691,0.273643,0.59765,0.421936,0.304421,854,0.477896,"aggregated counts and deltas; no source player names, IDs, or row-level ratings"
Mzafram SoFIFA,FC24,FC25,2024,2025,CM,1576,0.8293147208121827,0.0,-2.0,4.0,1.7049492385786802,0.269036,0.590736,0.468909,0.262056,586,0.371827,"aggregated counts and deltas; no source player names, IDs, or row-level ratings"
Mzafram SoFIFA,FC24,FC25,2024,2025,GK,1423,0.5052705551651441,0.0,-2.0,3.0,1.432888264230499,0.373858,0.637386,0.370344,0.255798,410,0.288124,"aggregated counts and deltas; no source player names, IDs, or row-level ratings"
Mzafram SoFIFA,FC24,FC25,2024,2025,LB/RB,1798,0.6023359288097887,0.0,-2.0,3.0,1.4599555061179088,0.311457,0.634594,0.424917,0.263626,613,0.340934,"aggregated counts and deltas; no source player names, IDs, or row-level ratings"
Mzafram SoFIFA,FC24,FC25,2024,2025,LM/RM,1432,0.49162011173184356,0.0,-2.0,3.0,1.6019553072625698,0.259078,0.600559,0.431564,0.309358,579,0.40433,"aggregated counts and deltas; no source player names, IDs, or row-level ratings"
Mzafram SoFIFA,FC24,FC25,2024,2025,LW/RW,570,0.9947368421052631,0.0,-2.0,5.0,1.8964912280701753,0.254386,0.542105,0.477193,0.268421,227,0.398246,"aggregated counts and deltas; no source player names, IDs, or row-level ratings"
Mzafram SoFIFA,FC24,FC25,2024,2025,LWB/RWB,342,0.4064327485380117,0.0,-2.0,3.0,1.5818713450292399,0.280702,0.587719,0.394737,0.324561,115,0.336257,"aggregated counts and deltas; no source player names, IDs, or row-level ratings"
Mzafram SoFIFA,FIFA07,FIFA08,2007,2008,CAM,526,1.0893536121673004,0.0,-3.0,7.0,2.8688212927756656,0.340304,0.479087,0.41635,0.243346,215,0.408745,"aggregated counts and deltas; no source player names, IDs, or row-level ratings"
Mzafram SoFIFA,FIFA07,FIFA08,2007,2008,CB,1454,0.30605226960110044,0.0,-4.0,5.0,2.295048143053645,0.408528,0.566713,0.30674,0.284732,457,0.314305,"aggregated counts and deltas; no source player names, IDs, or row-level ratings"
Mzafram SoFIFA,FIFA07,FIFA08,2007,2008,CDM,567,0.7848324514991182,0.0,-3.0,6.0,2.386243386243386,0.389771,0.534392,0.366843,0.243386,190,0.335097,"aggregated counts and deltas; no source player names, IDs, or row-level ratings"
Mzafram SoFIFA,FIFA07,FIFA08,2007,2008,CF/ST,1684,0.9055819477434679,0.0,-3.0,7.0,2.777315914489311,0.365202,0.503563,0.371734,0.263064,766,0.454869,"aggregated counts and deltas; no source player names, IDs, or row-level ratings"
Mzafram SoFIFA,FIFA07,FIFA08,2007,2008,CM,814,0.918918918918919,0.0,-3.0,6.0,2.574938574938575,0.398034,0.55774,0.366093,0.235872,275,0.337838,"aggregated counts and deltas; no source player names, IDs, or row-level ratings"
Mzafram SoFIFA,FIFA07,FIFA08,2007,2008,GK,822,0.718978102189781,0.0,-4.0,6.0,2.568126520681265,0.388078,0.507299,0.332117,0.279805,228,0.277372,"aggregated counts and deltas; no source player names, IDs, or row-level ratings"
Mzafram SoFIFA,FIFA07,FIFA08,2007,2008,LB/RB,878,0.7118451025056948,0.0,-3.0,5.0,2.3223234624145785,0.428246,0.568337,0.334852,0.236902,280,0.318907,"aggregated counts and deltas; no source player names, IDs, or row-level ratings"
Mzafram SoFIFA,FIFA07,FIFA08,2007,2008,LM/RM,652,1.0475460122699387,0.0,-3.0,6.0,2.434049079754601,0.386503,0.542945,0.378834,0.234663,215,0.329755,"aggregated counts and deltas; no source player names, IDs, or row-level ratings"
Mzafram SoFIFA,FIFA07,FIFA08,2007,2008,LW/RW,364,0.5274725274725275,0.0,-4.0,6.0,2.697802197802198,0.370879,0.538462,0.340659,0.288462,149,0.409341,"aggregated counts and deltas; no source player names, IDs, or row-level ratings"
Mzafram SoFIFA,FIFA07,FIFA08,2007,2008,LWB/RWB,308,0.6590909090909091,0.0,-3.0,5.0,2.185064935064935,0.425325,0.581169,0.357143,0.217532,104,0.337662,"aggregated counts and deltas; no source player names, IDs, or row-level ratings"
Mzafram SoFIFA,FIFA07,FIFA08,2007,2008,unresolved-fine-position,18,1.5,0.0,0.0,5.5000000000000036,1.8333333333333333,0.666667,0.722222,0.277778,0.055556,4,0.222222,"aggregated counts and deltas; no source player names, IDs, or row-level ratings"
Mzafram SoFIFA,FIFA08,FIFA09,2008,2009,CAM,618,0.21844660194174756,0.0,-5.0,6.300000000000068,3.5841423948220066,0.11165,0.309061,0.391586,0.496764,280,0.453074,"aggregated counts and deltas; no source player names, IDs, or row-level ratings"
Mzafram SoFIFA,FIFA08,FIFA09,2008,2009,CB,1738,0.4844649021864212,0.0,-5.0,7.0,3.6052934407364785,0.102992,0.312428,0.420023,0.476985,646,0.371692,"aggregated counts and deltas; no source player names, IDs, or row-level ratings"
Mzafram SoFIFA,FIFA08,FIFA09,2008,2009,CDM,703,1.004267425320057,0.0,-4.0,7.0,3.3968705547652918,0.14936,0.364154,0.472262,0.378378,280,0.398293,"aggregated counts and deltas; no source player names, IDs, or row-level ratings"
Mzafram SoFIFA,FIFA08,FIFA09,2008,2009,CF/ST,2060,0.1087378640776699,-1.0,-5.0,7.0,3.7223300970873785,0.093689,0.295146,0.391262,0.515049,1002,0.486408,"aggregated counts and deltas; no source player names, IDs, or row-level ratings"
Mzafram SoFIFA,FIFA08,FIFA09,2008,2009,CM,973,1.0853031860226106,0.0,-4.0,8.0,3.854059609455293,0.09147,0.305242,0.488181,0.420349,384,0.394656,"aggregated counts and deltas; no source player names, IDs, or row-level ratings"
Mzafram SoFIFA,FIFA08,FIFA09,2008,2009,GK,1001,1.5294705294705295,0.0,-4.0,8.0,3.5654345654345656,0.13986,0.37962,0.496503,0.363636,312,0.311688,"aggregated counts and deltas; no source player names, IDs, or row-level ratings"
Mzafram SoFIFA,FIFA08,FIFA09,2008,2009,LB/RB,1004,1.4133466135458168,0.0,-4.0,8.0,3.5468127490039842,0.12749,0.348606,0.498008,0.374502,363,0.361554,"aggregated counts and deltas; no source player names, IDs, or row-level ratings"
Mzafram SoFIFA,FIFA08,FIFA09,2008,2009,LM/RM,872,0.658256880733945,0.0,-4.0,7.0,3.646788990825688,0.127294,0.333716,0.400229,0.472477,335,0.384174,"aggregated counts and deltas; no source player names, IDs, or row-level ratings"
Mzafram SoFIFA,FIFA08,FIFA09,2008,2009,LW/RW,439,0.43507972665148065,0.0,-5.0,7.0,3.8018223234624147,0.111617,0.271071,0.407745,0.480638,181,0.412301,"aggregated counts and deltas; no source player names, IDs, or row-level ratings"
Mzafram SoFIFA,FIFA08,FIFA09,2008,2009,LWB/RWB,384,-0.041666666666666664,-1.0,-4.0,5.0,3.0520833333333335,0.109375,0.325521,0.361979,0.528646,157,0.408854,"aggregated counts and deltas; no source player names, IDs, or row-level ratings"
Mzafram SoFIFA,FIFA08,FIFA09,2008,2009,unresolved-fine-position,23,0.7391304347826086,2.0,-3.8,4.800000000000001,3.4347826086956523,0.086957,0.173913,0.565217,0.347826,9,0.391304,"aggregated counts and deltas; no source player names, IDs, or row-level ratings"
Mzafram SoFIFA,FIFA09,FIFA10,2009,2010,CAM,685,1.14014598540146,0.0,-3.0,6.0,2.667153284671533,0.248175,0.467153,0.451095,0.30073,285,0.416058,"aggregated counts and deltas; no source player names, IDs, or row-level ratings"
Mzafram SoFIFA,FIFA09,FIFA10,2009,2010,CB,2012,0.9284294234592445,0.0,-3.0,5.0,2.451292246520875,0.277336,0.504473,0.41998,0.302684,708,0.351889,"aggregated counts and deltas; no source player names, IDs, or row-level ratings"
Mzafram SoFIFA,FIFA09,FIFA10,2009,2010,CDM,869,1.1265822784810127,0.0,-3.0,6.0,2.5581127733026467,0.256617,0.481013,0.454545,0.288838,321,0.36939,"aggregated counts and deltas; no source player names, IDs, or row-level ratings"
Mzafram SoFIFA,FIFA09,FIFA10,2009,2010,CF/ST,2431,0.9991772932949403,0.0,-3.0,6.0,2.4570135746606336,0.263266,0.495681,0.434389,0.302345,1096,0.450843,"aggregated counts and deltas; no source player names, IDs, or row-level ratings"
Mzafram SoFIFA,FIFA09,FIFA10,2009,2010,CM,1235,1.8445344129554655,0.0,-2.0,7.0,2.8161943319838056,0.296356,0.481781,0.495547,0.208097,431,0.348988,"aggregated counts and deltas; no source player names, IDs, or row-level ratings"
Mzafram SoFIFA,FIFA09,FIFA10,2009,2010,GK,1251,1.0319744204636292,0.0,-2.0,6.0,2.4532374100719423,0.319744,0.521183,0.403677,0.276579,373,0.298161,"aggregated counts and deltas; no source player names, IDs, or row-level ratings"
Mzafram SoFIFA,FIFA09,FIFA10,2009,2010,LB/RB,1249,1.2626100880704563,0.0,-2.0,6.0,2.44275420336269,0.297038,0.52522,0.454764,0.248199,448,0.358687,"aggregated counts and deltas; no source player names, IDs, or row-level ratings"
Mzafram SoFIFA,FIFA09,FIFA10,2009,2010,LM/RM,1045,0.9846889952153111,0.0,-3.0,5.0,2.3799043062200957,0.288995,0.51866,0.422967,0.288038,412,0.394258,"aggregated counts and deltas; no source player names, IDs, or row-level ratings"
Mzafram SoFIFA,FIFA09,FIFA10,2009,2010,LW/RW,555,1.1531531531531531,0.0,-3.0,6.0,2.590990990990991,0.246847,0.459459,0.45045,0.302703,225,0.405405,"aggregated counts and deltas; no source player names, IDs, or row-level ratings"
Mzafram SoFIFA,FIFA09,FIFA10,2009,2010,LWB/RWB,414,1.0265700483091786,0.0,-3.0,6.0,2.5917874396135265,0.246377,0.449275,0.458937,0.294686,158,0.381643,"aggregated counts and deltas; no source player names, IDs, or row-level ratings"
Mzafram SoFIFA,FIFA09,FIFA10,2009,2010,unresolved-fine-position,13,0.23076923076923078,0.0,-2.8,5.200000000000003,2.076923076923077,0.230769,0.461538,0.307692,0.461538,4,0.307692,"aggregated counts and deltas; no source player names, IDs, or row-level ratings"
Mzafram SoFIFA,FIFA10,FIFA11,2010,2011,CAM,628,1.482484076433121,1.0,-3.0,6.0,2.81687898089172,0.164013,0.414013,0.55414,0.281847,236,0.375796,"aggregated counts and deltas; no source player names, IDs, or row-level ratings"
Mzafram SoFIFA,FIFA10,FIFA11,2010,2011,CB,1905,1.068766404199475,0.0,-3.0,6.0,2.545931758530184,0.192126,0.44042,0.498688,0.309186,647,0.339633,"aggregated counts and deltas; no source player names, IDs, or row-level ratings"
Mzafram SoFIFA,FIFA10,FIFA11,2010,2011,CDM,825,0.953939393939394,0.0,-3.0,6.0,2.667878787878788,0.166061,0.452121,0.453333,0.380606,285,0.345455,"aggregated counts and deltas; no source player names, IDs, or row-level ratings"
Mzafram SoFIFA,FIFA10,FIFA11,2010,2011,CF/ST,2153,1.1258708778448676,0.0,-3.0,6.0,2.741291221551324,0.193219,0.431026,0.486298,0.320483,960,0.445889,"aggregated counts and deltas; no source player names, IDs, or row-level ratings"
Mzafram SoFIFA,FIFA10,FIFA11,2010,2011,CM,1213,1.699093157460841,1.0,-3.0,7.0,3.206100577081616,0.136851,0.389118,0.52432,0.338829,382,0.314922,"aggregated counts and deltas; no source player names, IDs, or row-level ratings"
Mzafram SoFIFA,FIFA10,FIFA11,2010,2011,GK,1221,1.33005733005733,0.0,-3.0,7.0,2.85995085995086,0.22932,0.454545,0.497952,0.272727,350,0.28665,"aggregated counts and deltas; no source player names, IDs, or row-level ratings"
Mzafram SoFIFA,FIFA10,FIFA11,2010,2011,LB/RB,1211,1.4599504541701074,1.0,-2.0,6.0,2.7844756399669692,0.156895,0.423617,0.55161,0.291495,405,0.334434,"aggregated counts and deltas; no source player names, IDs, or row-level ratings"
Mzafram SoFIFA,FIFA10,FIFA11,2010,2011,LM/RM,954,1.0534591194968554,0.0,-3.0,6.0,2.7138364779874213,0.150943,0.401468,0.486373,0.362683,326,0.341719,"aggregated counts and deltas; no source player names, IDs, or row-level ratings"
Mzafram SoFIFA,FIFA10,FIFA11,2010,2011,LW/RW,514,0.6867704280155642,0.0,-3.0,5.0,2.4299610894941632,0.180934,0.453307,0.449416,0.36965,203,0.394942,"aggregated counts and deltas; no source player names, IDs, or row-level ratings"
Mzafram SoFIFA,FIFA10,FIFA11,2010,2011,LWB/RWB,399,0.43609022556390975,0.0,-3.0,4.0,2.280701754385965,0.190476,0.511278,0.401003,0.408521,142,0.35589,"aggregated counts and deltas; no source player names, IDs, or row-level ratings"
Mzafram SoFIFA,FIFA10,FIFA11,2010,2011,unresolved-fine-position,7,5.428571428571429,3.0,-1.7999999999999994,14.200000000000003,7.142857142857143,0.0,0.142857,0.857143,0.142857,2,0.285714,"aggregated counts and deltas; no source player names, IDs, or row-level ratings"
Mzafram SoFIFA,FIFA11,FIFA12,2011,2012,CAM,559,1.6440071556350626,1.0,-2.0,6.0,2.6207513416815744,0.137746,0.44186,0.63864,0.223614,196,0.350626,"aggregated counts and deltas; no source player names, IDs, or row-level ratings"
Mzafram SoFIFA,FIFA11,FIFA12,2011,2012,CB,1712,0.4532710280373832,0.0,-3.0,4.0,2.100467289719626,0.198598,0.499416,0.418808,0.382593,504,0.294393,"aggregated counts and deltas; no source player names, IDs, or row-level ratings"
Mzafram SoFIFA,FIFA11,FIFA12,2011,2012,CDM,725,0.776551724137931,1.0,-2.0,4.0,2.202758620689655,0.193103,0.496552,0.510345,0.296552,240,0.331034,"aggregated counts and deltas; no source player names, IDs, or row-level ratings"
Mzafram SoFIFA,FIFA11,FIFA12,2011,2012,CF/ST,1931,0.6607975142413257,0.0,-3.0,5.0,2.31693423096841,0.177628,0.459347,0.455205,0.367167,880,0.455722,"aggregated counts and deltas; no source player names, IDs, or row-level ratings"
Mzafram SoFIFA,FIFA11,FIFA12,2011,2012,CM,1160,1.1974137931034483,1.0,-2.0,6.0,2.5370689655172414,0.174138,0.45431,0.507759,0.318103,400,0.344828,"aggregated counts and deltas; no source player names, IDs, or row-level ratings"
Mzafram SoFIFA,FIFA11,FIFA12,2011,2012,GK,1110,0.6522522522522523,0.0,-2.0,5.0,2.190990990990991,0.227027,0.53964,0.40991,0.363063,277,0.24955,"aggregated counts and deltas; no source player names, IDs, or row-level ratings"
Mzafram SoFIFA,FIFA11,FIFA12,2011,2012,LB/RB,1251,0.6187050359712231,0.0,-3.0,4.0,2.183852917665867,0.210232,0.4996,0.435651,0.354117,398,0.318145,"aggregated counts and deltas; no source player names, IDs, or row-level ratings"
Mzafram SoFIFA,FIFA11,FIFA12,2011,2012,LM/RM,867,0.7393310265282583,0.0,-3.0,5.0,2.303344867358708,0.17301,0.479815,0.465975,0.361015,307,0.354095,"aggregated counts and deltas; no source player names, IDs, or row-level ratings"
Mzafram SoFIFA,FIFA11,FIFA12,2011,2012,LW/RW,543,0.4438305709023941,0.0,-3.0,4.0,2.3517495395948433,0.151013,0.432781,0.464088,0.384899,212,0.390424,"aggregated counts and deltas; no source player names, IDs, or row-level ratings"
Mzafram SoFIFA,FIFA11,FIFA12,2011,2012,LWB/RWB,300,0.38666666666666666,0.0,-3.0,4.0,2.0866666666666664,0.206667,0.48,0.39,0.403333,96,0.32,"aggregated counts and deltas; no source player names, IDs, or row-level ratings"
Mzafram SoFIFA,FIFA11,FIFA12,2011,2012,unresolved-fine-position,3,2.6666666666666665,4.0,-2.4,7.2,5.333333333333333,0.0,0.0,0.666667,0.333333,1,0.333333,"aggregated counts and deltas; no source player names, IDs, or row-level ratings"
Mzafram SoFIFA,FIFA12,FIFA13,2012,2013,CAM,617,0.5607779578606159,0.0,-3.0,5.0,2.479740680713128,0.199352,0.448947,0.43436,0.366288,233,0.377634,"aggregated counts and deltas; no source player names, IDs, or row-level ratings"
Mzafram SoFIFA,FIFA12,FIFA13,2012,2013,CB,1695,0.6,0.0,-3.0,4.0,2.1174041297935102,0.20826,0.492625,0.446608,0.345133,570,0.336283,"aggregated counts and deltas; no source player names, IDs, or row-level ratings"
Mzafram SoFIFA,FIFA12,FIFA13,2012,2013,CDM,729,0.52400548696845,0.0,-3.0,4.0,2.3292181069958846,0.182442,0.45679,0.445816,0.371742,255,0.349794,"aggregated counts and deltas; no source player names, IDs, or row-level ratings"
Mzafram SoFIFA,FIFA12,FIFA13,2012,2013,CF/ST,1732,0.5392609699769053,0.0,-3.0,5.0,2.302540415704388,0.207275,0.4694,0.42321,0.369515,826,0.476905,"aggregated counts and deltas; no source player names, IDs, or row-level ratings"
Mzafram SoFIFA,FIFA12,FIFA13,2012,2013,CM,1154,0.9246100519930676,0.0,-3.0,5.0,2.3093587521663776,0.231369,0.482669,0.474003,0.294627,397,0.344021,"aggregated counts and deltas; no source player names, IDs, or row-level ratings"
Mzafram SoFIFA,FIFA12,FIFA13,2012,2013,GK,1066,0.8921200750469043,0.0,-3.0,5.0,2.1979362101313322,0.227955,0.508443,0.485929,0.286116,270,0.253283,"aggregated counts and deltas; no source player names, IDs, or row-level ratings"
Mzafram SoFIFA,FIFA12,FIFA13,2012,2013,LB/RB,1493,0.8928332217012726,0.0,-2.0,5.0,2.160080375083724,0.237106,0.51574,0.465506,0.297388,512,0.342934,"aggregated counts and deltas; no source player names, IDs, or row-level ratings"
Mzafram SoFIFA,FIFA12,FIFA13,2012,2013,LM/RM,1008,0.5466269841269841,0.0,-3.0,4.0,2.195436507936508,0.21627,0.480159,0.421627,0.362103,363,0.360119,"aggregated counts and deltas; no source player names, IDs, or row-level ratings"
Mzafram SoFIFA,FIFA12,FIFA13,2012,2013,LW/RW,425,0.4117647058823529,0.0,-3.0,4.0,2.3505882352941176,0.152941,0.430588,0.454118,0.392941,184,0.432941,"aggregated counts and deltas; no source player names, IDs, or row-level ratings"
Mzafram SoFIFA,FIFA12,FIFA13,2012,2013,LWB/RWB,7,0.2857142857142857,1.0,-3.0,2.4000000000000004,2.0,0.142857,0.285714,0.571429,0.285714,4,0.571429,"aggregated counts and deltas; no source player names, IDs, or row-level ratings"
Mzafram SoFIFA,FIFA13,FIFA14,2013,2014,CAM,651,0.41013824884792627,0.0,-2.0,4.0,1.7741935483870968,0.311828,0.583717,0.367127,0.321045,225,0.345622,"aggregated counts and deltas; no source player names, IDs, or row-level ratings"
Mzafram SoFIFA,FIFA13,FIFA14,2013,2014,CB,1866,0.2658092175777063,0.0,-2.0,3.0,1.5144694533762058,0.360129,0.641479,0.330118,0.309753,563,0.301715,"aggregated counts and deltas; no source player names, IDs, or row-level ratings"
Mzafram SoFIFA,FIFA13,FIFA14,2013,2014,CDM,838,0.3341288782816229,0.0,-2.0,3.0,1.6849642004773269,0.312649,0.613365,0.356802,0.330549,279,0.332936,"aggregated counts and deltas; no source player names, IDs, or row-level ratings"
Mzafram SoFIFA,FIFA13,FIFA14,2013,2014,CF/ST,1689,0.20011841326228538,0.0,-3.0,3.0,1.6566015393724096,0.310243,0.593843,0.348135,0.341622,740,0.438129,"aggregated counts and deltas; no source player names, IDs, or row-level ratings"
Mzafram SoFIFA,FIFA13,FIFA14,2013,2014,CM,1266,0.6287519747235387,0.0,-2.0,4.0,1.7093206951026856,0.341232,0.594787,0.394945,0.263823,405,0.319905,"aggregated counts and deltas; no source player names, IDs, or row-level ratings"
Mzafram SoFIFA,FIFA13,FIFA14,2013,2014,GK,1177,0.4647408666100255,0.0,-2.0,3.0,1.4587935429056924,0.429907,0.647409,0.325404,0.24469,267,0.226848,"aggregated counts and deltas; no source player names, IDs, or row-level ratings"
Mzafram SoFIFA,FIFA13,FIFA14,2013,2014,LB/RB,1650,0.5212121212121212,0.0,-2.0,3.0,1.549090909090909,0.354545,0.629091,0.38303,0.262424,485,0.293939,"aggregated counts and deltas; no source player names, IDs, or row-level ratings"
Mzafram SoFIFA,FIFA13,FIFA14,2013,2014,LM/RM,1189,0.29857022708158115,0.0,-2.0,3.0,1.6644238856181666,0.288478,0.603869,0.390244,0.321278,423,0.355761,"aggregated counts and deltas; no source player names, IDs, or row-level ratings"
Mzafram SoFIFA,FIFA13,FIFA14,2013,2014,LW/RW,450,0.27555555555555555,0.0,-2.0,3.0,1.6,0.275556,0.591111,0.391111,0.333333,176,0.391111,"aggregated counts and deltas; no source player names, IDs, or row-level ratings"
Mzafram SoFIFA,FIFA13,FIFA14,2013,2014,LWB/RWB,12,-0.5,-1.0,-2.9,3.8000000000000007,2.5,0.083333,0.25,0.416667,0.5,1,0.083333,"aggregated counts and deltas; no source player names, IDs, or row-level ratings"
Mzafram SoFIFA,FIFA14,FIFA15,2014,2015,CAM,668,0.7425149700598802,0.0,-2.0,4.0,1.9191616766467066,0.285928,0.562874,0.41018,0.303892,261,0.390719,"aggregated counts and deltas; no source player names, IDs, or row-level ratings"
Mzafram SoFIFA,FIFA14,FIFA15,2014,2015,CB,1943,0.4961399897066392,0.0,-2.0,3.0,1.5542974781266083,0.32527,0.633042,0.388574,0.286155,614,0.316006,"aggregated counts and deltas; no source player names, IDs, or row-level ratings"
Mzafram SoFIFA,FIFA14,FIFA15,2014,2015,CDM,842,0.6247030878859857,0.0,-2.0,4.0,1.676959619952494,0.30285,0.589074,0.42399,0.273159,264,0.313539,"aggregated counts and deltas; no source player names, IDs, or row-level ratings"
Mzafram SoFIFA,FIFA14,FIFA15,2014,2015,CF/ST,1746,0.47479954180985107,0.0,-2.0,4.0,1.675257731958763,0.300687,0.603666,0.387743,0.311569,848,0.485682,"aggregated counts and deltas; no source player names, IDs, or row-level ratings"
Mzafram SoFIFA,FIFA14,FIFA15,2014,2015,CM,1325,0.9335849056603773,0.0,-2.0,5.0,1.869433962264151,0.310189,0.593962,0.430943,0.258868,434,0.327547,"aggregated counts and deltas; no source player names, IDs, or row-level ratings"
Mzafram SoFIFA,FIFA14,FIFA15,2014,2015,GK,1233,0.45012165450121655,0.0,-2.0,3.0,1.5206812652068127,0.394972,0.644769,0.341444,0.263585,350,0.283861,"aggregated counts and deltas; no source player names, IDs, or row-level ratings"
Mzafram SoFIFA,FIFA14,FIFA15,2014,2015,LB/RB,1751,0.7487150199885779,0.0,-2.0,4.0,1.5973729297544261,0.339235,0.63221,0.415191,0.245574,578,0.330097,"aggregated counts and deltas; no source player names, IDs, or row-level ratings"
Mzafram SoFIFA,FIFA14,FIFA15,2014,2015,LM/RM,1357,0.6425939572586588,0.0,-2.0,4.0,1.7435519528371408,0.297716,0.59322,0.414149,0.288136,550,0.405306,"aggregated counts and deltas; no source player names, IDs, or row-level ratings"
Mzafram SoFIFA,FIFA14,FIFA15,2014,2015,LW/RW,472,0.326271186440678,0.0,-2.0,3.0,1.8093220338983051,0.271186,0.552966,0.360169,0.368644,201,0.425847,"aggregated counts and deltas; no source player names, IDs, or row-level ratings"
Mzafram SoFIFA,FIFA14,FIFA15,2014,2015,LWB/RWB,22,1.0909090909090908,0.0,-2.0,6.0,2.727272727272727,0.227273,0.409091,0.363636,0.409091,6,0.272727,"aggregated counts and deltas; no source player names, IDs, or row-level ratings"
Mzafram SoFIFA,FIFA15,FIFA16,2015,2016,CAM,711,2.2320675105485233,2.0,-1.0,6.0,2.6680731364275667,0.140647,0.428973,0.722925,0.136428,254,0.357243,"aggregated counts and deltas; no source player names, IDs, or row-level ratings"
Mzafram SoFIFA,FIFA15,FIFA16,2015,2016,CB,2003,2.251622566150774,2.0,0.0,5.0,2.5841238142785823,0.083375,0.323515,0.830255,0.08637,667,0.333,"aggregated counts and deltas; no source player names, IDs, or row-level ratings"
Mzafram SoFIFA,FIFA15,FIFA16,2015,2016,CDM,890,1.8089887640449438,1.0,-1.0,5.0,2.249438202247191,0.173034,0.475281,0.693258,0.133708,300,0.337079,"aggregated counts and deltas; no source player names, IDs, or row-level ratings"
Mzafram SoFIFA,FIFA15,FIFA16,2015,2016,CF/ST,1796,1.660913140311804,1.0,-1.0,5.0,2.197661469933185,0.164254,0.496102,0.687639,0.148107,862,0.479955,"aggregated counts and deltas; no source player names, IDs, or row-level ratings"
Mzafram SoFIFA,FIFA15,FIFA16,2015,2016,CM,1412,2.229461756373938,2.0,0.0,6.0,2.548158640226629,0.110482,0.423513,0.78966,0.099858,490,0.347025,"aggregated counts and deltas; no source player names, IDs, or row-level ratings"
Mzafram SoFIFA,FIFA15,FIFA16,2015,2016,GK,1308,1.4571865443425076,1.0,-1.0,4.2999999999999545,1.9464831804281346,0.171254,0.590214,0.696483,0.132263,363,0.277523,"aggregated counts and deltas; no source player names, IDs, or row-level ratings"
Mzafram SoFIFA,FIFA15,FIFA16,2015,2016,LB/RB,1850,2.7956756756756755,3.0,0.0,6.0,2.985945945945946,0.06973,0.256757,0.867568,0.062703,608,0.328649,"aggregated counts and deltas; no source player names, IDs, or row-level ratings"
Mzafram SoFIFA,FIFA15,FIFA16,2015,2016,LM/RM,1412,1.635269121813031,1.0,-1.0,5.0,2.206090651558074,0.176346,0.469547,0.669263,0.154391,527,0.373229,"aggregated counts and deltas; no source player names, IDs, or row-level ratings"
Mzafram SoFIFA,FIFA15,FIFA16,2015,2016,LW/RW,444,1.7117117117117118,1.0,-1.0,5.0,2.1531531531531534,0.195946,0.497748,0.664414,0.13964,195,0.439189,"aggregated counts and deltas; no source player names, IDs, or row-level ratings"
Mzafram SoFIFA,FIFA15,FIFA16,2015,2016,LWB/RWB,33,2.272727272727273,2.0,0.0,5.800000000000001,2.696969696969697,0.181818,0.363636,0.757576,0.060606,13,0.393939,"aggregated counts and deltas; no source player names, IDs, or row-level ratings"
Mzafram SoFIFA,FIFA16,FIFA17,2016,2017,CAM,743,1.4212651413189772,1.0,-1.0,5.0,2.1588156123822344,0.141319,0.524899,0.681023,0.177658,330,0.444145,"aggregated counts and deltas; no source player names, IDs, or row-level ratings"
Mzafram SoFIFA,FIFA16,FIFA17,2016,2017,CB,2070,1.4642512077294687,1.0,-1.0,5.0,2.1454106280193237,0.128986,0.524155,0.701449,0.169565,735,0.355072,"aggregated counts and deltas; no source player names, IDs, or row-level ratings"
Mzafram SoFIFA,FIFA16,FIFA17,2016,2017,CDM,1054,1.6944971537001898,1.0,-1.0,5.0,2.3605313092979125,0.136622,0.474383,0.703985,0.159393,393,0.372865,"aggregated counts and deltas; no source player names, IDs, or row-level ratings"
Mzafram SoFIFA,FIFA16,FIFA17,2016,2017,CF/ST,1783,1.6051598429613012,1.0,-1.0,5.0,2.1805945036455414,0.147504,0.49972,0.697701,0.154795,821,0.46046,"aggregated counts and deltas; no source player names, IDs, or row-level ratings"
Mzafram SoFIFA,FIFA16,FIFA17,2016,2017,CM,1392,2.0725574712643677,1.0,-1.0,6.0,2.4073275862068964,0.109914,0.490661,0.783046,0.10704,487,0.349856,"aggregated counts and deltas; no source player names, IDs, or row-level ratings"
Mzafram SoFIFA,FIFA16,FIFA17,2016,2017,GK,1386,1.621933621933622,1.0,-1.0,5.0,2.277056277056277,0.134921,0.518759,0.703463,0.161616,419,0.302309,"aggregated counts and deltas; no source player names, IDs, or row-level ratings"
Mzafram SoFIFA,FIFA16,FIFA17,2016,2017,LB/RB,1972,1.488843813387424,1.0,-1.0,4.900000000000091,2.0699797160243407,0.146045,0.532454,0.699797,0.154158,666,0.337728,"aggregated counts and deltas; no source player names, IDs, or row-level ratings"
Mzafram SoFIFA,FIFA16,FIFA17,2016,2017,LM/RM,1511,1.6730641958967571,1.0,-1.0,5.0,2.1919258769027135,0.138981,0.516214,0.714758,0.146261,630,0.416942,"aggregated counts and deltas; no source player names, IDs, or row-level ratings"
Mzafram SoFIFA,FIFA16,FIFA17,2016,2017,LW/RW,440,0.9840909090909091,0.5,-2.0,4.0,1.7931818181818182,0.259091,0.554545,0.5,0.240909,189,0.429545,"aggregated counts and deltas; no source player names, IDs, or row-level ratings"
Mzafram SoFIFA,FIFA16,FIFA17,2016,2017,LWB/RWB,28,1.3571428571428572,1.0,-1.0,3.3000000000000007,1.7857142857142858,0.071429,0.535714,0.75,0.178571,14,0.5,"aggregated counts and deltas; no source player names, IDs, or row-level ratings"
Mzafram SoFIFA,FIFA17,FIFA18,2017,2018,CAM,771,0.8962386511024644,0.0,-2.0,4.0,1.6926070038910506,0.361868,0.614786,0.411154,0.226978,341,0.442283,"aggregated counts and deltas; no source player names, IDs, or row-level ratings"
Mzafram SoFIFA,FIFA17,FIFA18,2017,2018,CB,2135,0.5625292740046839,0.0,-2.0,3.0,1.515222482435597,0.313817,0.638407,0.406557,0.279625,801,0.375176,"aggregated counts and deltas; no source player names, IDs, or row-level ratings"
Mzafram SoFIFA,FIFA17,FIFA18,2017,2018,CDM,1076,0.5817843866171004,0.0,-2.0,3.0,1.486988847583643,0.35316,0.642193,0.405204,0.241636,409,0.380112,"aggregated counts and deltas; no source player names, IDs, or row-level ratings"
Mzafram SoFIFA,FIFA17,FIFA18,2017,2018,CF/ST,1817,0.5784259768849752,0.0,-2.0,3.0,1.5217391304347827,0.320859,0.632361,0.401761,0.27738,881,0.484865,"aggregated counts and deltas; no source player names, IDs, or row-level ratings"
Mzafram SoFIFA,FIFA17,FIFA18,2017,2018,CM,1438,0.847009735744089,0.0,-2.0,4.0,1.6842837273991655,0.316412,0.600834,0.438804,0.244784,521,0.362309,"aggregated counts and deltas; no source player names, IDs, or row-level ratings"
Mzafram SoFIFA,FIFA17,FIFA18,2017,2018,GK,1403,0.7640769779044904,0.0,-2.0,4.0,1.5823235923022096,0.371347,0.611547,0.409836,0.218817,431,0.307199,"aggregated counts and deltas; no source player names, IDs, or row-level ratings"
Mzafram SoFIFA,FIFA17,FIFA18,2017,2018,LB/RB,2008,0.6135458167330677,0.0,-2.0,3.0,1.5129482071713147,0.337151,0.64741,0.397908,0.26494,731,0.364044,"aggregated counts and deltas; no source player names, IDs, or row-level ratings"
Mzafram SoFIFA,FIFA17,FIFA18,2017,2018,LM/RM,1452,0.5612947658402204,0.0,-2.0,3.0,1.5420110192837466,0.309917,0.609504,0.401515,0.288567,581,0.400138,"aggregated counts and deltas; no source player names, IDs, or row-level ratings"
Mzafram SoFIFA,FIFA17,FIFA18,2017,2018,LW/RW,468,0.8717948717948718,0.0,-2.0,4.0,1.6965811965811965,0.275641,0.57906,0.474359,0.25,199,0.425214,"aggregated counts and deltas; no source player names, IDs, or row-level ratings"
Mzafram SoFIFA,FIFA17,FIFA18,2017,2018,LWB/RWB,50,0.88,0.0,-2.0,4.0,1.64,0.3,0.58,0.46,0.24,17,0.34,"aggregated counts and deltas; no source player names, IDs, or row-level ratings"
Mzafram SoFIFA,FIFA18,FIFA19,2018,2019,CAM,716,0.6270949720670391,0.0,-2.0,3.0,1.5460893854748603,0.339385,0.618715,0.409218,0.251397,315,0.439944,"aggregated counts and deltas; no source player names, IDs, or row-level ratings"
Mzafram SoFIFA,FIFA18,FIFA19,2018,2019,CB,2214,0.5460704607046071,0.0,-2.0,3.0,1.6445347786811202,0.262421,0.593948,0.433604,0.303975,774,0.349593,"aggregated counts and deltas; no source player names, IDs, or row-level ratings"
Mzafram SoFIFA,FIFA18,FIFA19,2018,2019,CDM,1036,0.6920849420849421,0.0,-2.0,4.0,1.69980694980695,0.260618,0.593629,0.458494,0.280888,386,0.372587,"aggregated counts and deltas; no source player names, IDs, or row-level ratings"
Mzafram SoFIFA,FIFA18,FIFA19,2018,2019,CF/ST,1789,0.7411961989938514,0.0,-2.0,4.0,1.7160424818334266,0.271101,0.595305,0.442146,0.286752,869,0.485746,"aggregated counts and deltas; no source player names, IDs, or row-level ratings"
Mzafram SoFIFA,FIFA18,FIFA19,2018,2019,CM,1543,1.0414776409591704,0.0,-2.0,4.0,1.8891769280622164,0.268957,0.560596,0.487362,0.243681,554,0.359041,"aggregated counts and deltas; no source player names, IDs, or row-level ratings"
Mzafram SoFIFA,FIFA18,FIFA19,2018,2019,GK,1421,0.741027445460943,0.0,-2.0,4.0,1.6783954961294862,0.330049,0.588318,0.429275,0.240676,395,0.277973,"aggregated counts and deltas; no source player names, IDs, or row-level ratings"
Mzafram SoFIFA,FIFA18,FIFA19,2018,2019,LB/RB,1948,0.6185831622176592,0.0,-2.0,4.0,1.6801848049281314,0.274127,0.605749,0.420945,0.304928,722,0.370637,"aggregated counts and deltas; no source player names, IDs, or row-level ratings"
Mzafram SoFIFA,FIFA18,FIFA19,2018,2019,LM/RM,1529,0.6749509483322433,0.0,-2.0,4.0,1.725310660562459,0.257685,0.57881,0.441465,0.30085,624,0.40811,"aggregated counts and deltas; no source player names, IDs, or row-level ratings"
Mzafram SoFIFA,FIFA18,FIFA19,2018,2019,LW/RW,471,1.2292993630573248,1.0,-1.0,4.0,1.9681528662420382,0.2569,0.55414,0.518047,0.225053,180,0.382166,"aggregated counts and deltas; no source player names, IDs, or row-level ratings"
Mzafram SoFIFA,FIFA18,FIFA19,2018,2019,LWB/RWB,75,0.9866666666666667,0.0,-1.0,4.0,1.68,0.32,0.586667,0.493333,0.186667,24,0.32,"aggregated counts and deltas; no source player names, IDs, or row-level ratings"
Mzafram SoFIFA,FIFA19,FIFA20,2019,2020,CAM,781,0.4622279129321383,0.0,-2.0,3.0,1.3585147247119078,0.353393,0.661972,0.384123,0.262484,273,0.349552,"aggregated counts and deltas; no source player names, IDs, or row-level ratings"
Mzafram SoFIFA,FIFA19,FIFA20,2019,2020,CB,2312,0.532439446366782,0.0,-2.0,3.0,1.44939446366782,0.316176,0.642734,0.405709,0.278114,764,0.33045,"aggregated counts and deltas; no source player names, IDs, or row-level ratings"
Mzafram SoFIFA,FIFA19,FIFA20,2019,2020,CDM,1038,0.3217726396917148,0.0,-2.0,3.0,1.4065510597302504,0.311175,0.646435,0.368015,0.320809,329,0.316956,"aggregated counts and deltas; no source player names, IDs, or row-level ratings"
Mzafram SoFIFA,FIFA19,FIFA20,2019,2020,CF/ST,1853,0.5391257420399352,0.0,-2.0,3.0,1.4803022126281706,0.303292,0.643281,0.405289,0.291419,849,0.458176,"aggregated counts and deltas; no source player names, IDs, or row-level ratings"
Mzafram SoFIFA,FIFA19,FIFA20,2019,2020,CM,1569,0.7316762268961122,0.0,-1.0,3.0,1.479923518164436,0.332059,0.641173,0.428298,0.239643,550,0.350542,"aggregated counts and deltas; no source player names, IDs, or row-level ratings"
Mzafram SoFIFA,FIFA19,FIFA20,2019,2020,GK,1425,0.6856140350877193,0.0,-2.0,3.0,1.48,0.359298,0.628772,0.401404,0.239298,397,0.278596,"aggregated counts and deltas; no source player names, IDs, or row-level ratings"
Mzafram SoFIFA,FIFA19,FIFA20,2019,2020,LB/RB,1981,0.5451792024230186,0.0,-1.0,3.0,1.3579000504795558,0.335689,0.680464,0.39576,0.268551,694,0.350328,"aggregated counts and deltas; no source player names, IDs, or row-level ratings"
Mzafram SoFIFA,FIFA19,FIFA20,2019,2020,LM/RM,1576,0.40609137055837563,0.0,-2.0,3.0,1.4137055837563453,0.300761,0.648477,0.390228,0.30901,653,0.41434,"aggregated counts and deltas; no source player names, IDs, or row-level ratings"
Mzafram SoFIFA,FIFA19,FIFA20,2019,2020,LW/RW,512,0.73046875,0.0,-2.0,3.0,1.53125,0.330078,0.632812,0.435547,0.234375,204,0.398438,"aggregated counts and deltas; no source player names, IDs, or row-level ratings"
Mzafram SoFIFA,FIFA19,FIFA20,2019,2020,LWB/RWB,120,0.36666666666666664,0.0,-2.0,3.0,1.4,0.391667,0.675,0.325,0.283333,34,0.283333,"aggregated counts and deltas; no source player names, IDs, or row-level ratings"
Mzafram SoFIFA,FIFA20,FIFA21,2020,2021,CAM,777,-0.0990990990990991,-1.0,-2.0,3.0,1.7567567567567568,0.140283,0.561133,0.319176,0.540541,276,0.355212,"aggregated counts and deltas; no source player names, IDs, or row-level ratings"
Mzafram SoFIFA,FIFA20,FIFA21,2020,2021,CB,2308,-0.14558058925476602,-1.0,-2.0,3.0,1.7010398613518198,0.172877,0.586655,0.286395,0.540728,724,0.313692,"aggregated counts and deltas; no source player names, IDs, or row-level ratings"
Mzafram SoFIFA,FIFA20,FIFA21,2020,2021,CDM,1062,0.288135593220339,0.0,-2.0,3.0,1.4180790960451977,0.301318,0.665725,0.362524,0.336158,322,0.303202,"aggregated counts and deltas; no source player names, IDs, or row-level ratings"
Mzafram SoFIFA,FIFA20,FIFA21,2020,2021,CF/ST,1807,-0.21029330381848368,-1.0,-3.0,3.0,1.7675705589374655,0.148312,0.524073,0.311013,0.540675,793,0.438849,"aggregated counts and deltas; no source player names, IDs, or row-level ratings"
Mzafram SoFIFA,FIFA20,FIFA21,2020,2021,CM,1534,0.24185136897001303,0.0,-2.0,4.0,1.8116036505867015,0.164928,0.550847,0.359844,0.475228,537,0.350065,"aggregated counts and deltas; no source player names, IDs, or row-level ratings"
Mzafram SoFIFA,FIFA20,FIFA21,2020,2021,GK,1391,0.35514018691588783,0.0,-2.0,3.0,1.291157440690151,0.369518,0.669303,0.363767,0.266715,383,0.275341,"aggregated counts and deltas; no source player names, IDs, or row-level ratings"
Mzafram SoFIFA,FIFA20,FIFA21,2020,2021,LB/RB,1987,1.0105686965274283,1.0,-1.0,4.0,1.6779063915450427,0.203322,0.595873,0.595873,0.200805,685,0.344741,"aggregated counts and deltas; no source player names, IDs, or row-level ratings"
Mzafram SoFIFA,FIFA20,FIFA21,2020,2021,LM/RM,1530,0.24705882352941178,0.0,-2.0,3.0,1.49281045751634,0.272549,0.61634,0.36732,0.360131,601,0.39281,"aggregated counts and deltas; no source player names, IDs, or row-level ratings"
Mzafram SoFIFA,FIFA20,FIFA21,2020,2021,LW/RW,552,0.5380434782608695,0.0,-2.0,3.0,1.6829710144927537,0.23913,0.574275,0.429348,0.331522,209,0.378623,"aggregated counts and deltas; no source player names, IDs, or row-level ratings"
Mzafram SoFIFA,FIFA20,FIFA21,2020,2021,LWB/RWB,124,0.8225806451612904,1.0,-1.0,3.0,1.5161290322580645,0.217742,0.604839,0.540323,0.241935,39,0.314516,"aggregated counts and deltas; no source player names, IDs, or row-level ratings"
Mzafram SoFIFA,FIFA21,FIFA22,2021,2022,CAM,772,0.8484455958549223,0.0,-2.0,4.0,1.7318652849740932,0.305699,0.608808,0.440415,0.253886,258,0.334197,"aggregated counts and deltas; no source player names, IDs, or row-level ratings"
Mzafram SoFIFA,FIFA21,FIFA22,2021,2022,CB,2345,0.7232409381663113,0.0,-1.0,3.0,1.5181236673773988,0.309595,0.637527,0.446482,0.243923,775,0.33049,"aggregated counts and deltas; no source player names, IDs, or row-level ratings"
Mzafram SoFIFA,FIFA21,FIFA22,2021,2022,CDM,1153,0.36513443191673894,0.0,-2.0,3.0,1.4284475281873374,0.324371,0.640069,0.379879,0.29575,361,0.313096,"aggregated counts and deltas; no source player names, IDs, or row-level ratings"
Mzafram SoFIFA,FIFA21,FIFA22,2021,2022,CF/ST,1828,0.5656455142231948,0.0,-2.0,3.0,1.599562363238512,0.281182,0.608315,0.416849,0.301969,837,0.457877,"aggregated counts and deltas; no source player names, IDs, or row-level ratings"
Mzafram SoFIFA,FIFA21,FIFA22,2021,2022,CM,1506,0.9223107569721115,0.0,-1.0,4.0,1.650066401062417,0.312749,0.60093,0.462815,0.224436,483,0.320717,"aggregated counts and deltas; no source player names, IDs, or row-level ratings"
Mzafram SoFIFA,FIFA21,FIFA22,2021,2022,GK,1401,0.5074946466809421,0.0,-2.0,3.0,1.5182012847965738,0.34404,0.620271,0.374732,0.281228,368,0.26267,"aggregated counts and deltas; no source player names, IDs, or row-level ratings"
Mzafram SoFIFA,FIFA21,FIFA22,2021,2022,LB/RB,1922,0.40894901144641,0.0,-2.0,3.0,1.4693028095733611,0.306972,0.635276,0.387097,0.305931,650,0.338189,"aggregated counts and deltas; no source player names, IDs, or row-level ratings"
Mzafram SoFIFA,FIFA21,FIFA22,2021,2022,LM/RM,1439,0.4440583738707436,0.0,-2.0,3.0,1.5726198749131342,0.265462,0.600417,0.417651,0.316887,580,0.403058,"aggregated counts and deltas; no source player names, IDs, or row-level ratings"
Mzafram SoFIFA,FIFA21,FIFA22,2021,2022,LW/RW,616,0.9025974025974026,0.0,-1.0,4.0,1.6818181818181819,0.258117,0.607143,0.493506,0.248377,244,0.396104,"aggregated counts and deltas; no source player names, IDs, or row-level ratings"
Mzafram SoFIFA,FIFA21,FIFA22,2021,2022,LWB/RWB,243,0.3497942386831276,0.0,-2.0,3.0,1.5843621399176955,0.234568,0.641975,0.399177,0.366255,86,0.353909,"aggregated counts and deltas; no source player names, IDs, or row-level ratings"
Mzafram SoFIFA,FIFA22,FIFA23,2022,2023,CAM,688,0.6017441860465116,0.0,-2.0,3.0,1.5174418604651163,0.325581,0.609012,0.412791,0.261628,266,0.386628,"aggregated counts and deltas; no source player names, IDs, or row-level ratings"
Mzafram SoFIFA,FIFA22,FIFA23,2022,2023,CB,2306,0.5858629661751952,0.0,-2.0,3.0,1.5199479618386817,0.277971,0.621856,0.438422,0.283608,837,0.362966,"aggregated counts and deltas; no source player names, IDs, or row-level ratings"
Mzafram SoFIFA,FIFA22,FIFA23,2022,2023,CDM,1104,0.29257246376811596,0.0,-2.0,3.0,1.4411231884057971,0.321558,0.632246,0.363225,0.315217,400,0.362319,"aggregated counts and deltas; no source player names, IDs, or row-level ratings"
Mzafram SoFIFA,FIFA22,FIFA23,2022,2023,CF/ST,1725,0.4272463768115942,0.0,-2.0,3.0,1.5913043478260869,0.277681,0.602319,0.397101,0.325217,862,0.49971,"aggregated counts and deltas; no source player names, IDs, or row-level ratings"
Mzafram SoFIFA,FIFA22,FIFA23,2022,2023,CM,1476,0.7967479674796748,0.0,-2.0,4.0,1.6788617886178863,0.27168,0.590786,0.460705,0.267615,546,0.369919,"aggregated counts and deltas; no source player names, IDs, or row-level ratings"
Mzafram SoFIFA,FIFA22,FIFA23,2022,2023,GK,1343,0.37825763216679076,0.0,-2.0,3.0,1.426656738644825,0.341772,0.629188,0.358153,0.300074,406,0.302308,"aggregated counts and deltas; no source player names, IDs, or row-level ratings"
Mzafram SoFIFA,FIFA22,FIFA23,2022,2023,LB/RB,1655,0.3341389728096677,0.0,-2.0,3.0,1.4507552870090634,0.317221,0.639879,0.354683,0.328097,581,0.351057,"aggregated counts and deltas; no source player names, IDs, or row-level ratings"
Mzafram SoFIFA,FIFA22,FIFA23,2022,2023,LM/RM,1253,0.40861931364724663,0.0,-2.0,3.0,1.535514764565044,0.274541,0.60814,0.403033,0.322426,517,0.41261,"aggregated counts and deltas; no source player names, IDs, or row-level ratings"
Mzafram SoFIFA,FIFA22,FIFA23,2022,2023,LW/RW,615,0.7837398373983739,0.0,-2.0,4.0,1.6682926829268292,0.260163,0.580488,0.484553,0.255285,235,0.382114,"aggregated counts and deltas; no source player names, IDs, or row-level ratings"
Mzafram SoFIFA,FIFA22,FIFA23,2022,2023,LWB/RWB,419,0.081145584725537,0.0,-2.0,3.0,1.5131264916467781,0.26969,0.610979,0.324582,0.405728,139,0.331742,"aggregated counts and deltas; no source player names, IDs, or row-level ratings"
Mzafram SoFIFA,FIFA23,FC24,2023,2024,CAM,696,0.7097701149425287,0.0,-2.0,4.0,1.5258620689655173,0.329023,0.614943,0.420977,0.25,254,0.364943,"aggregated counts and deltas; no source player names, IDs, or row-level ratings"
Mzafram SoFIFA,FIFA23,FC24,2023,2024,CB,2376,0.561026936026936,0.0,-2.0,3.0,1.4095117845117846,0.31229,0.667088,0.420875,0.266835,798,0.335859,"aggregated counts and deltas; no source player names, IDs, or row-level ratings"
Mzafram SoFIFA,FIFA23,FC24,2023,2024,CDM,1077,0.41968430826369546,0.0,-2.0,3.0,1.426183844011142,0.314763,0.645311,0.389044,0.296193,360,0.334262,"aggregated counts and deltas; no source player names, IDs, or row-level ratings"
Mzafram SoFIFA,FIFA23,FC24,2023,2024,CF/ST,1827,0.5292829775588396,0.0,-2.0,3.0,1.5922276956759716,0.270389,0.601533,0.413793,0.315818,844,0.461959,"aggregated counts and deltas; no source player names, IDs, or row-level ratings"
Mzafram SoFIFA,FIFA23,FC24,2023,2024,CM,1610,0.8186335403726708,0.0,-1.0,3.0,1.568944099378882,0.301242,0.611801,0.462112,0.236646,594,0.368944,"aggregated counts and deltas; no source player names, IDs, or row-level ratings"
Mzafram SoFIFA,FIFA23,FC24,2023,2024,GK,1423,0.6247364722417428,0.0,-2.0,3.0,1.4469430780042165,0.378074,0.638791,0.378074,0.243851,423,0.297259,"aggregated counts and deltas; no source player names, IDs, or row-level ratings"
Mzafram SoFIFA,FIFA23,FC24,2023,2024,LB/RB,1711,0.46931618936294567,0.0,-2.0,3.0,1.3576855639976622,0.345412,0.666277,0.387493,0.267095,576,0.336645,"aggregated counts and deltas; no source player names, IDs, or row-level ratings"
Mzafram SoFIFA,FIFA23,FC24,2023,2024,LM/RM,1339,0.7386109036594474,0.0,-2.0,4.0,1.5541448842419716,0.293503,0.619866,0.45407,0.252427,561,0.418969,"aggregated counts and deltas; no source player names, IDs, or row-level ratings"
Mzafram SoFIFA,FIFA23,FC24,2023,2024,LW/RW,595,0.9445378151260504,0.0,-1.0,4.0,1.6235294117647059,0.290756,0.6,0.485714,0.223529,248,0.416807,"aggregated counts and deltas; no source player names, IDs, or row-level ratings"
Mzafram SoFIFA,FIFA23,FC24,2023,2024,LWB/RWB,464,0.43103448275862066,0.0,-2.0,3.0,1.396551724137931,0.340517,0.653017,0.37069,0.288793,167,0.359914,"aggregated counts and deltas; no source player names, IDs, or row-level ratings"
Stefano legacy,15,16,2015,2016,CAM,680,2.010294117647059,1.0,-1.0,6.0,2.513235294117647,0.145588,0.458824,0.708824,0.145588,229,0.336765,"aggregated counts and deltas; no source player names, IDs, or row-level ratings"
Stefano legacy,15,16,2015,2016,CB,1922,2.4474505723204993,2.0,0.0,6.0,2.760665972944849,0.09001,0.325702,0.827263,0.082726,589,0.306452,"aggregated counts and deltas; no source player names, IDs, or row-level ratings"
Stefano legacy,15,16,2015,2016,CDM,844,1.9253554502369667,1.0,-1.0,5.7000000000000455,2.441943127962085,0.140995,0.438389,0.702607,0.156398,252,0.298578,"aggregated counts and deltas; no source player names, IDs, or row-level ratings"
Stefano legacy,15,16,2015,2016,CF/ST,1732,1.8088914549653579,1.0,-1.0,5.0,2.3539260969976907,0.151848,0.473441,0.694573,0.15358,776,0.448037,"aggregated counts and deltas; no source player names, IDs, or row-level ratings"
Stefano legacy,15,16,2015,2016,CM,1401,2.4610992148465383,2.0,-1.0,7.0,2.83226266952177,0.117059,0.394718,0.776588,0.106353,459,0.327623,"aggregated counts and deltas; no source player names, IDs, or row-level ratings"
Stefano legacy,15,16,2015,2016,GK,1231,1.6060113728675873,1.0,-1.0,5.0,2.1616571892770104,0.164094,0.551584,0.690496,0.14541,343,0.278635,"aggregated counts and deltas; no source player names, IDs, or row-level ratings"
Stefano legacy,15,16,2015,2016,LB/RB,1754,3.1014823261117446,3.0,0.0,6.0,3.2759407069555304,0.071266,0.22634,0.875713,0.053022,543,0.309578,"aggregated counts and deltas; no source player names, IDs, or row-level ratings"
Stefano legacy,15,16,2015,2016,LM/RM,1326,1.7812971342383108,1.0,-1.0,5.0,2.3559577677224737,0.153092,0.465309,0.687783,0.159125,488,0.368024,"aggregated counts and deltas; no source player names, IDs, or row-level ratings"
Stefano legacy,15,16,2015,2016,LW/RW,492,1.5284552845528456,1.0,-1.0,5.0,2.227642276422764,0.195122,0.46748,0.621951,0.182927,213,0.432927,"aggregated counts and deltas; no source player names, IDs, or row-level ratings"
Stefano legacy,15,16,2015,2016,LWB/RWB,25,2.84,2.0,0.0,6.0,3.08,0.12,0.28,0.84,0.04,12,0.48,"aggregated counts and deltas; no source player names, IDs, or row-level ratings"
Stefano legacy,16,17,2016,2017,CAM,693,1.9422799422799424,1.0,-1.0,6.0,2.380952380952381,0.154401,0.497835,0.707071,0.138528,277,0.399711,"aggregated counts and deltas; no source player names, IDs, or row-level ratings"
Stefano legacy,16,17,2016,2017,CB,1991,1.4786539427423406,1.0,-1.0,5.0,2.069311903566047,0.14666,0.537921,0.70668,0.14666,700,0.351582,"aggregated counts and deltas; no source player names, IDs, or row-level ratings"
Stefano legacy,16,17,2016,2017,CDM,898,1.9610244988864143,1.0,-1.0,6.0,2.4933184855233854,0.119154,0.459911,0.742762,0.138085,300,0.334076,"aggregated counts and deltas; no source player names, IDs, or row-level ratings"
Stefano legacy,16,17,2016,2017,CF/ST,1738,1.7468354430379747,1.0,-1.0,5.0,2.277330264672037,0.144419,0.489643,0.715765,0.139816,827,0.475834,"aggregated counts and deltas; no source player names, IDs, or row-level ratings"
Stefano legacy,16,17,2016,2017,CM,1421,2.0049261083743843,1.0,-1.0,5.0,2.3821252638986627,0.126671,0.5095,0.759324,0.114004,478,0.336383,"aggregated counts and deltas; no source player names, IDs, or row-level ratings"
Stefano legacy,16,17,2016,2017,GK,1307,1.5439938791124712,1.0,-1.0,5.0,2.1147666411629684,0.154552,0.539403,0.69166,0.153787,373,0.285386,"aggregated counts and deltas; no source player names, IDs, or row-level ratings"
Stefano legacy,16,17,2016,2017,LB/RB,1855,1.4943396226415093,1.0,-1.0,4.0,2.0075471698113208,0.147709,0.55903,0.708895,0.143396,605,0.326146,"aggregated counts and deltas; no source player names, IDs, or row-level ratings"
Stefano legacy,16,17,2016,2017,LM/RM,1384,1.716763005780347,1.0,-1.0,5.0,2.151734104046243,0.150289,0.509393,0.713873,0.135838,590,0.426301,"aggregated counts and deltas; no source player names, IDs, or row-level ratings"
Stefano legacy,16,17,2016,2017,LW/RW,440,1.125,1.0,-2.0,4.0,1.8977272727272727,0.231818,0.568182,0.529545,0.238636,186,0.422727,"aggregated counts and deltas; no source player names, IDs, or row-level ratings"
Stefano legacy,16,17,2016,2017,LWB/RWB,34,1.1176470588235294,1.0,-0.6999999999999997,3.6999999999999993,1.6470588235294117,0.235294,0.617647,0.647059,0.117647,11,0.323529,"aggregated counts and deltas; no source player names, IDs, or row-level ratings"
Stefano legacy,17,18,2017,2018,CAM,830,0.7325301204819277,0.0,-2.0,4.0,1.691566265060241,0.324096,0.608434,0.419277,0.256627,354,0.426506,"aggregated counts and deltas; no source player names, IDs, or row-level ratings"
Stefano legacy,17,18,2017,2018,CB,2107,0.6065495965828192,0.0,-2.0,4.0,1.6896060749881348,0.306597,0.598007,0.41196,0.281443,776,0.368296,"aggregated counts and deltas; no source player names, IDs, or row-level ratings"
Stefano legacy,17,18,2017,2018,CDM,1020,0.7509803921568627,0.0,-2.0,4.0,1.731372549019608,0.296078,0.580392,0.438235,0.265686,402,0.394118,"aggregated counts and deltas; no source player names, IDs, or row-level ratings"
Stefano legacy,17,18,2017,2018,CF/ST,1794,0.7028985507246377,0.0,-2.0,4.0,1.7463768115942029,0.299331,0.578595,0.419175,0.281494,834,0.464883,"aggregated counts and deltas; no source player names, IDs, or row-level ratings"
Stefano legacy,17,18,2017,2018,CM,1409,1.127750177430802,0.0,-1.0,5.0,1.892831795599716,0.312278,0.591199,0.457771,0.22995,521,0.369766,"aggregated counts and deltas; no source player names, IDs, or row-level ratings"
Stefano legacy,17,18,2017,2018,GK,1398,0.9027181688125894,0.0,-2.0,4.0,1.7553648068669527,0.357654,0.587268,0.414163,0.228183,441,0.315451,"aggregated counts and deltas; no source player names, IDs, or row-level ratings"
Stefano legacy,17,18,2017,2018,LB/RB,2032,0.6579724409448819,0.0,-2.0,4.0,1.6648622047244095,0.327264,0.620571,0.385827,0.286909,740,0.364173,"aggregated counts and deltas; no source player names, IDs, or row-level ratings"
Stefano legacy,17,18,2017,2018,LM/RM,1510,0.7125827814569536,0.0,-2.0,4.0,1.757615894039735,0.262914,0.582781,0.446358,0.290728,580,0.384106,"aggregated counts and deltas; no source player names, IDs, or row-level ratings"
Stefano legacy,17,18,2017,2018,LW/RW,457,1.0371991247264771,1.0,-1.0,4.0,1.8205689277899344,0.238512,0.588621,0.503282,0.258206,203,0.444201,"aggregated counts and deltas; no source player names, IDs, or row-level ratings"
Stefano legacy,17,18,2017,2018,LWB/RWB,24,0.6666666666666666,0.5,-2.0,3.6999999999999993,1.8333333333333333,0.125,0.416667,0.5,0.375,9,0.375,"aggregated counts and deltas; no source player names, IDs, or row-level ratings"
Stefano legacy,18,19,2018,2019,CAM,761,0.961892247043364,0.0,-1.0,5.0,1.773981603153745,0.324573,0.60841,0.431012,0.244415,303,0.39816,"aggregated counts and deltas; no source player names, IDs, or row-level ratings"
Stefano legacy,18,19,2018,2019,CB,2192,0.6313868613138686,0.0,-2.0,4.0,1.8175182481751824,0.232208,0.56615,0.438869,0.328923,688,0.313869,"aggregated counts and deltas; no source player names, IDs, or row-level ratings"
Stefano legacy,18,19,2018,2019,CDM,1054,0.8074003795066413,0.0,-2.0,4.0,1.8358633776091082,0.249526,0.56926,0.464896,0.285579,352,0.333966,"aggregated counts and deltas; no source player names, IDs, or row-level ratings"
Stefano legacy,18,19,2018,2019,CF/ST,1817,0.7727022564667033,0.0,-2.0,4.0,1.7919647771051184,0.288387,0.571822,0.441387,0.270226,781,0.429829,"aggregated counts and deltas; no source player names, IDs, or row-level ratings"
Stefano legacy,18,19,2018,2019,CM,1471,1.0156356220258327,0.0,-2.0,5.0,1.9388171312032632,0.272604,0.562882,0.46499,0.262407,475,0.32291,"aggregated counts and deltas; no source player names, IDs, or row-level ratings"
Stefano legacy,18,19,2018,2019,GK,1386,0.7813852813852814,0.0,-2.0,4.0,1.7352092352092352,0.357864,0.580087,0.409812,0.232323,360,0.25974,"aggregated counts and deltas; no source player names, IDs, or row-level ratings"
Stefano legacy,18,19,2018,2019,LB/RB,1959,0.6886166411434406,0.0,-2.0,4.0,1.7554874936191935,0.262889,0.591628,0.431343,0.305768,622,0.317509,"aggregated counts and deltas; no source player names, IDs, or row-level ratings"
Stefano legacy,18,19,2018,2019,LM/RM,1500,0.7773333333333333,0.0,-2.0,4.0,1.7306666666666666,0.266667,0.576667,0.450667,0.282667,547,0.364667,"aggregated counts and deltas; no source player names, IDs, or row-level ratings"
Stefano legacy,18,19,2018,2019,LW/RW,485,1.1134020618556701,0.0,-2.0,4.0,1.8804123711340206,0.280412,0.556701,0.496907,0.22268,173,0.356701,"aggregated counts and deltas; no source player names, IDs, or row-level ratings"
Stefano legacy,18,19,2018,2019,LWB/RWB,53,0.2830188679245283,0.0,-2.0,3.0,1.2641509433962264,0.283019,0.660377,0.415094,0.301887,18,0.339623,"aggregated counts and deltas; no source player names, IDs, or row-level ratings"
Stefano legacy,19,20,2019,2020,CAM,776,0.6597938144329897,0.0,-2.0,4.0,1.577319587628866,0.347938,0.625,0.381443,0.270619,262,0.337629,"aggregated counts and deltas; no source player names, IDs, or row-level ratings"
Stefano legacy,19,20,2019,2020,CB,2279,0.7463799912242212,0.0,-2.0,4.0,1.6827555945590171,0.277315,0.603774,0.44186,0.280825,708,0.310663,"aggregated counts and deltas; no source player names, IDs, or row-level ratings"
Stefano legacy,19,20,2019,2020,CDM,1028,0.6585603112840467,0.0,-2.0,4.0,1.6429961089494163,0.282101,0.609922,0.433852,0.284047,320,0.311284,"aggregated counts and deltas; no source player names, IDs, or row-level ratings"
Stefano legacy,19,20,2019,2020,CF/ST,1911,0.8435374149659864,0.0,-2.0,4.0,1.7624280481423338,0.288331,0.581894,0.434328,0.277342,778,0.407117,"aggregated counts and deltas; no source player names, IDs, or row-level ratings"
Stefano legacy,19,20,2019,2020,CM,1582,1.1403286978508218,0.5,-2.0,5.0,1.9797724399494312,0.254109,0.544248,0.5,0.245891,476,0.300885,"aggregated counts and deltas; no source player names, IDs, or row-level ratings"
Stefano legacy,19,20,2019,2020,GK,1476,0.8766937669376694,0.0,-2.0,4.0,1.7086720867208671,0.331301,0.594173,0.441057,0.227642,348,0.235772,"aggregated counts and deltas; no source player names, IDs, or row-level ratings"
Stefano legacy,19,20,2019,2020,LB/RB,1978,0.7982810920121335,0.0,-2.0,4.0,1.6900910010111223,0.294237,0.600101,0.428716,0.277048,612,0.309403,"aggregated counts and deltas; no source player names, IDs, or row-level ratings"
Stefano legacy,19,20,2019,2020,LM/RM,1535,0.6977198697068404,0.0,-2.0,4.0,1.7583061889250815,0.246906,0.588925,0.433876,0.319218,558,0.363518,"aggregated counts and deltas; no source player names, IDs, or row-level ratings"
Stefano legacy,19,20,2019,2020,LW/RW,546,1.2307692307692308,1.0,-2.0,5.0,2.043956043956044,0.263736,0.525641,0.501832,0.234432,196,0.358974,"aggregated counts and deltas; no source player names, IDs, or row-level ratings"
Stefano legacy,19,20,2019,2020,LWB/RWB,83,1.144578313253012,1.0,-1.0,4.0,1.891566265060241,0.216867,0.578313,0.542169,0.240964,26,0.313253,"aggregated counts and deltas; no source player names, IDs, or row-level ratings"
Stefano legacy,20,21,2020,2021,CAM,817,-0.2215422276621787,-1.0,-3.0,3.0,1.744186046511628,0.151775,0.569155,0.294982,0.553244,232,0.283966,"aggregated counts and deltas; no source player names, IDs, or row-level ratings"
Stefano legacy,20,21,2020,2021,CB,2321,-0.24213700990952175,-1.0,-3.0,3.0,1.7449375269280483,0.16243,0.558811,0.267988,0.569582,583,0.251185,"aggregated counts and deltas; no source player names, IDs, or row-level ratings"
Stefano legacy,20,21,2020,2021,CDM,1036,0.1776061776061776,0.0,-2.0,3.0,1.4324324324324325,0.295367,0.629344,0.335907,0.368726,264,0.254826,"aggregated counts and deltas; no source player names, IDs, or row-level ratings"
Stefano legacy,20,21,2020,2021,CF/ST,1907,-0.19979024646040902,-1.0,-3.0,3.0,1.789722076560042,0.143157,0.538018,0.294704,0.562139,692,0.362874,"aggregated counts and deltas; no source player names, IDs, or row-level ratings"
Stefano legacy,20,21,2020,2021,CM,1577,0.2136968928344959,0.0,-2.0,4.0,1.8218135700697526,0.159797,0.563094,0.348129,0.492074,420,0.266328,"aggregated counts and deltas; no source player names, IDs, or row-level ratings"
Stefano legacy,20,21,2020,2021,GK,1455,0.6439862542955327,0.0,-2.0,4.0,1.463230240549828,0.363574,0.629553,0.395189,0.241237,330,0.226804,"aggregated counts and deltas; no source player names, IDs, or row-level ratings"
Stefano legacy,20,21,2020,2021,LB/RB,1927,1.4286455630513752,1.0,-1.0,4.0,1.8220031136481578,0.184743,0.582252,0.682408,0.132849,513,0.266217,"aggregated counts and deltas; no source player names, IDs, or row-level ratings"
Stefano legacy,20,21,2020,2021,LM/RM,1520,0.5013157894736842,0.0,-2.0,3.0,1.5157894736842106,0.292763,0.619737,0.404605,0.302632,477,0.313816,"aggregated counts and deltas; no source player names, IDs, or row-level ratings"
Stefano legacy,20,21,2020,2021,LW/RW,521,0.727447216890595,0.0,-2.0,4.0,1.7178502879078694,0.28023,0.589251,0.424184,0.295585,150,0.287908,"aggregated counts and deltas; no source player names, IDs, or row-level ratings"
Stefano legacy,20,21,2020,2021,LWB/RWB,143,1.5244755244755244,1.0,-1.0,4.0,1.972027972027972,0.153846,0.51049,0.699301,0.146853,39,0.272727,"aggregated counts and deltas; no source player names, IDs, or row-level ratings"
Stefano legacy,21,22,2021,2022,CAM,800,1.29625,1.0,-1.0,5.0,2.01375,0.285,0.545,0.50125,0.21375,275,0.34375,"aggregated counts and deltas; no source player names, IDs, or row-level ratings"
Stefano legacy,21,22,2021,2022,CB,2298,1.1309834638816363,1.0,-1.0,4.0,1.809834638816362,0.291123,0.58094,0.501741,0.207137,746,0.32463,"aggregated counts and deltas; no source player names, IDs, or row-level ratings"
Stefano legacy,21,22,2021,2022,CDM,1113,0.573225516621743,0.0,-2.0,3.0,1.5471698113207548,0.290207,0.634322,0.423181,0.286613,344,0.309075,"aggregated counts and deltas; no source player names, IDs, or row-level ratings"
Stefano legacy,21,22,2021,2022,CF/ST,1834,0.9923664122137404,0.0,-2.0,4.0,1.910577971646674,0.254089,0.540894,0.480916,0.264995,810,0.441658,"aggregated counts and deltas; no source player names, IDs, or row-level ratings"
Stefano legacy,21,22,2021,2022,CM,1559,1.482360487491982,1.0,-1.0,5.0,2.0853110968569597,0.255933,0.523412,0.551636,0.192431,512,0.328416,"aggregated counts and deltas; no source player names, IDs, or row-level ratings"
Stefano legacy,21,22,2021,2022,GK,1433,0.6943475226796929,0.0,-2.0,4.0,1.6154919748778787,0.337055,0.595953,0.401256,0.261689,372,0.259595,"aggregated counts and deltas; no source player names, IDs, or row-level ratings"
Stefano legacy,21,22,2021,2022,LB/RB,2012,0.4860834990059642,0.0,-2.0,4.0,1.6968190854870775,0.27833,0.581511,0.390656,0.331014,678,0.336978,"aggregated counts and deltas; no source player names, IDs, or row-level ratings"
Stefano legacy,21,22,2021,2022,LM/RM,1483,0.6021577882670263,0.0,-2.0,4.0,1.7376938637896155,0.252866,0.565745,0.418746,0.328388,567,0.382333,"aggregated counts and deltas; no source player names, IDs, or row-level ratings"
Stefano legacy,21,22,2021,2022,LW/RW,596,0.9412751677852349,0.0,-2.0,4.0,1.8406040268456376,0.251678,0.550336,0.486577,0.261745,221,0.370805,"aggregated counts and deltas; no source player names, IDs, or row-level ratings"
Stefano legacy,21,22,2021,2022,LWB/RWB,136,0.08088235294117647,0.0,-3.0,3.0,1.6397058823529411,0.242647,0.551471,0.382353,0.375,50,0.367647,"aggregated counts and deltas; no source player names, IDs, or row-level ratings"
Stefano legacy,22,23,2022,2023,CAM,784,0.9681122448979592,0.0,-2.0,4.0,1.850765306122449,0.283163,0.580357,0.457908,0.258929,533,0.679847,"aggregated counts and deltas; no source player names, IDs, or row-level ratings"
Stefano legacy,22,23,2022,2023,CB,2303,0.8484585323491098,0.0,-2.0,4.0,1.7012592270950933,0.283543,0.589231,0.46244,0.254017,1612,0.699957,"aggregated counts and deltas; no source player names, IDs, or row-level ratings"
Stefano legacy,22,23,2022,2023,CDM,1122,0.42245989304812837,0.0,-2.0,3.0,1.5222816399286987,0.289661,0.615865,0.396613,0.313725,788,0.702317,"aggregated counts and deltas; no source player names, IDs, or row-level ratings"
Stefano legacy,22,23,2022,2023,CF/ST,1810,0.7033149171270718,0.0,-2.0,4.0,1.8116022099447513,0.244199,0.543094,0.454144,0.301657,1372,0.758011,"aggregated counts and deltas; no source player names, IDs, or row-level ratings"
Stefano legacy,22,23,2022,2023,CM,1512,1.0211640211640212,0.0,-2.0,4.0,1.8280423280423281,0.271825,0.569444,0.486111,0.242063,1077,0.712302,"aggregated counts and deltas; no source player names, IDs, or row-level ratings"
Stefano legacy,22,23,2022,2023,GK,1400,0.6135714285714285,0.0,-2.0,4.0,1.585,0.348571,0.61,0.386429,0.265,981,0.700714,"aggregated counts and deltas; no source player names, IDs, or row-level ratings"
Stefano legacy,22,23,2022,2023,LB/RB,1838,0.47442872687704024,0.0,-2.0,3.0,1.58759521218716,0.284004,0.617519,0.399891,0.316104,1316,0.715996,"aggregated counts and deltas; no source player names, IDs, or row-level ratings"
Stefano legacy,22,23,2022,2023,LM/RM,1326,0.524132730015083,0.0,-2.0,3.0,1.6538461538461537,0.266968,0.584465,0.42006,0.312971,1010,0.761689,"aggregated counts and deltas; no source player names, IDs, or row-level ratings"
Stefano legacy,22,23,2022,2023,LW/RW,631,1.0269413629160062,1.0,-2.0,4.0,1.8510301109350238,0.266244,0.55309,0.502377,0.231379,486,0.770206,"aggregated counts and deltas; no source player names, IDs, or row-level ratings"
Stefano legacy,22,23,2022,2023,LWB/RWB,285,0.2912280701754386,0.0,-2.0,3.0,1.4912280701754386,0.259649,0.592982,0.378947,0.361404,157,0.550877,"aggregated counts and deltas; no source player names, IDs, or row-level ratings"
lbenz FIFAIndex,05,06,2005,2006,CAM,434,0.4216589861751152,0.0,-6.0,7.0,4.099078341013825,0.108295,0.329493,0.449309,0.442396,154,0.354839,"aggregated counts and deltas; no source player names, IDs, or row-level ratings"
lbenz FIFAIndex,05,06,2005,2006,CB,1377,0.4538852578068264,0.0,-4.0,6.0,2.8823529411764706,0.375454,0.527233,0.337691,0.286855,384,0.278867,"aggregated counts and deltas; no source player names, IDs, or row-level ratings"
lbenz FIFAIndex,05,06,2005,2006,CDM,446,0.452914798206278,0.0,-4.0,6.0,2.914798206278027,0.327354,0.482063,0.367713,0.304933,125,0.280269,"aggregated counts and deltas; no source player names, IDs, or row-level ratings"
lbenz FIFAIndex,05,06,2005,2006,CF/ST,1594,0.823086574654956,1.0,-6.0,7.0,4.066499372647428,0.107905,0.284191,0.506274,0.385822,633,0.397114,"aggregated counts and deltas; no source player names, IDs, or row-level ratings"
lbenz FIFAIndex,05,06,2005,2006,CM,864,0.42592592592592593,0.0,-5.0,7.0,3.0416666666666665,0.362269,0.493056,0.341435,0.296296,262,0.303241,"aggregated counts and deltas; no source player names, IDs, or row-level ratings"
lbenz FIFAIndex,05,06,2005,2006,GK,831,0.5992779783393501,0.0,-5.0,7.0,3.131167268351384,0.43562,0.533093,0.318893,0.245487,204,0.245487,"aggregated counts and deltas; no source player names, IDs, or row-level ratings"
lbenz FIFAIndex,05,06,2005,2006,LB/RB,867,0.6170703575547867,0.0,-4.0,6.0,2.958477508650519,0.347174,0.49827,0.366782,0.286044,258,0.297578,"aggregated counts and deltas; no source player names, IDs, or row-level ratings"
lbenz FIFAIndex,05,06,2005,2006,LM/RM,706,0.603399433427762,0.0,-5.0,7.0,3.2464589235127477,0.331445,0.470255,0.365439,0.303116,244,0.345609,"aggregated counts and deltas; no source player names, IDs, or row-level ratings"
lbenz FIFAIndex,05,06,2005,2006,LWB/RWB,195,0.764102564102564,0.0,-3.599999999999998,7.0,2.8974358974358974,0.364103,0.497436,0.364103,0.271795,61,0.312821,"aggregated counts and deltas; no source player names, IDs, or row-level ratings"
lbenz FIFAIndex,05,06,2005,2006,unresolved-fine-position,286,0.6013986013986014,0.0,-6.0,6.5,3.3146853146853146,0.314685,0.472028,0.384615,0.300699,101,0.353147,"aggregated counts and deltas; no source player names, IDs, or row-level ratings"
lbenz FIFAIndex,06,07,2006,2007,CAM,445,2.539325842696629,2.0,-4.0,10.0,4.620224719101124,0.085393,0.242697,0.617978,0.296629,162,0.364045,"aggregated counts and deltas; no source player names, IDs, or row-level ratings"
lbenz FIFAIndex,06,07,2006,2007,CB,1254,1.1953748006379585,1.0,-6.0,9.0,4.468102073365231,0.090112,0.258373,0.516746,0.393142,378,0.301435,"aggregated counts and deltas; no source player names, IDs, or row-level ratings"
lbenz FIFAIndex,06,07,2006,2007,CDM,464,2.9913793103448274,2.0,-3.0,10.0,4.599137931034483,0.079741,0.239224,0.665948,0.25431,143,0.30819,"aggregated counts and deltas; no source player names, IDs, or row-level ratings"
lbenz FIFAIndex,06,07,2006,2007,CF/ST,1489,1.190732034922767,1.0,-6.0,9.0,4.567494963062458,0.087307,0.248489,0.527199,0.385494,620,0.416387,"aggregated counts and deltas; no source player names, IDs, or row-level ratings"
lbenz FIFAIndex,06,07,2006,2007,CM,766,3.031331592689295,2.0,-5.0,12.0,5.446475195822455,0.079634,0.204961,0.648825,0.27154,251,0.327676,"aggregated counts and deltas; no source player names, IDs, or row-level ratings"
lbenz FIFAIndex,06,07,2006,2007,GK,741,0.6302294197031039,0.0,-6.0,9.0,4.77327935222672,0.072874,0.232119,0.477733,0.449393,203,0.273954,"aggregated counts and deltas; no source player names, IDs, or row-level ratings"
lbenz FIFAIndex,06,07,2006,2007,LB/RB,794,1.605793450881612,1.0,-5.0,9.0,4.3841309823677586,0.096977,0.248111,0.542821,0.360202,256,0.322418,"aggregated counts and deltas; no source player names, IDs, or row-level ratings"
lbenz FIFAIndex,06,07,2006,2007,LM/RM,580,3.989655172413793,3.0,-4.0,12.0,5.903448275862069,0.058621,0.17069,0.705172,0.236207,192,0.331034,"aggregated counts and deltas; no source player names, IDs, or row-level ratings"
lbenz FIFAIndex,06,07,2006,2007,LWB/RWB,219,3.598173515981735,3.0,-3.0,11.0,5.296803652968037,0.091324,0.205479,0.648402,0.260274,76,0.347032,"aggregated counts and deltas; no source player names, IDs, or row-level ratings"
lbenz FIFAIndex,06,07,2006,2007,unresolved-fine-position,307,0.9185667752442996,1.0,-6.399999999999999,8.0,4.3387622149837135,0.087948,0.2443,0.550489,0.361564,126,0.410423,"aggregated counts and deltas; no source player names, IDs, or row-level ratings"
lbenz FIFAIndex,07,08,2007,2008,CAM,497,1.0181086519114688,0.0,-3.0,6.0,2.6398390342052314,0.354125,0.488934,0.406439,0.239437,250,0.503018,"aggregated counts and deltas; no source player names, IDs, or row-level ratings"
lbenz FIFAIndex,07,08,2007,2008,CB,1323,0.31141345427059713,0.0,-4.0,5.0,2.1859410430839,0.406652,0.56387,0.309902,0.283447,521,0.393802,"aggregated counts and deltas; no source player names, IDs, or row-level ratings"
lbenz FIFAIndex,07,08,2007,2008,CDM,521,0.6429942418426103,0.0,-3.0,5.0,2.2130518234165066,0.3762,0.543186,0.37428,0.24952,237,0.454894,"aggregated counts and deltas; no source player names, IDs, or row-level ratings"
lbenz FIFAIndex,07,08,2007,2008,CF/ST,1530,0.9281045751633987,0.0,-3.0,6.100000000000136,2.6509803921568627,0.358824,0.501961,0.383007,0.25817,763,0.498693,"aggregated counts and deltas; no source player names, IDs, or row-level ratings"
lbenz FIFAIndex,07,08,2007,2008,CM,714,0.8809523809523809,0.0,-3.0,6.0,2.3403361344537816,0.406162,0.568627,0.366947,0.226891,304,0.42577,"aggregated counts and deltas; no source player names, IDs, or row-level ratings"
lbenz FIFAIndex,07,08,2007,2008,GK,726,0.6570247933884298,0.0,-4.0,6.0,2.497245179063361,0.358127,0.493113,0.34022,0.301653,273,0.376033,"aggregated counts and deltas; no source player names, IDs, or row-level ratings"
lbenz FIFAIndex,07,08,2007,2008,LB/RB,737,0.6512890094979648,0.0,-3.0,5.0,2.046132971506106,0.430122,0.583446,0.335142,0.234735,330,0.447761,"aggregated counts and deltas; no source player names, IDs, or row-level ratings"
lbenz FIFAIndex,07,08,2007,2008,LM/RM,594,0.9410774410774411,0.0,-2.6999999999999957,5.0,2.244107744107744,0.412458,0.553872,0.361953,0.225589,253,0.425926,"aggregated counts and deltas; no source player names, IDs, or row-level ratings"
lbenz FIFAIndex,07,08,2007,2008,LWB/RWB,283,0.7314487632508834,0.0,-2.0,5.0,2.045936395759717,0.459364,0.590106,0.335689,0.204947,125,0.441696,"aggregated counts and deltas; no source player names, IDs, or row-level ratings"
lbenz FIFAIndex,07,08,2007,2008,unresolved-fine-position,351,0.7549857549857549,0.0,-3.0,6.0,2.321937321937322,0.378917,0.561254,0.358974,0.262108,164,0.467236,"aggregated counts and deltas; no source player names, IDs, or row-level ratings"
lbenz FIFAIndex,08,09,2008,2009,CAM,512,0.07421875,0.0,-4.0,4.0,2.74609375,0.148438,0.400391,0.390625,0.460938,244,0.476562,"aggregated counts and deltas; no source player names, IDs, or row-level ratings"
lbenz FIFAIndex,08,09,2008,2009,CB,1359,0.05665930831493746,0.0,-4.0,5.0,2.7350993377483444,0.145695,0.373804,0.386313,0.467991,534,0.392936,"aggregated counts and deltas; no source player names, IDs, or row-level ratings"
lbenz FIFAIndex,08,09,2008,2009,CDM,562,0.6138790035587188,0.0,-3.8999999999999986,5.0,2.7170818505338077,0.174377,0.402135,0.475089,0.350534,228,0.405694,"aggregated counts and deltas; no source player names, IDs, or row-level ratings"
lbenz FIFAIndex,08,09,2008,2009,CF/ST,1615,-0.18947368421052632,0.0,-5.0,5.0,2.93374613003096,0.139319,0.360991,0.372755,0.487926,785,0.486068,"aggregated counts and deltas; no source player names, IDs, or row-level ratings"
lbenz FIFAIndex,08,09,2008,2009,CM,704,0.4446022727272727,0.0,-4.0,5.0,2.8707386363636362,0.133523,0.359375,0.43608,0.430398,293,0.416193,"aggregated counts and deltas; no source player names, IDs, or row-level ratings"
lbenz FIFAIndex,08,09,2008,2009,GK,746,0.9879356568364611,0.0,-3.0,6.0,2.6340482573726542,0.168901,0.455764,0.49866,0.33244,263,0.352547,"aggregated counts and deltas; no source player names, IDs, or row-level ratings"
lbenz FIFAIndex,08,09,2008,2009,LB/RB,731,0.8714090287277702,0.0,-3.0,5.0,2.688098495212038,0.160055,0.422709,0.487004,0.352941,272,0.372093,"aggregated counts and deltas; no source player names, IDs, or row-level ratings"
lbenz FIFAIndex,08,09,2008,2009,LM/RM,620,0.020967741935483872,0.0,-4.0,5.0,2.5629032258064517,0.182258,0.424194,0.374194,0.443548,249,0.401613,"aggregated counts and deltas; no source player names, IDs, or row-level ratings"
lbenz FIFAIndex,08,09,2008,2009,LWB/RWB,343,0.6443148688046647,0.0,-3.0,6.0,2.6559766763848396,0.151603,0.431487,0.446064,0.402332,151,0.440233,"aggregated counts and deltas; no source player names, IDs, or row-level ratings"
lbenz FIFAIndex,08,09,2008,2009,unresolved-fine-position,355,0.28732394366197184,0.0,-4.0,5.0,2.8563380281690143,0.171831,0.388732,0.385915,0.442254,142,0.4,"aggregated counts and deltas; no source player names, IDs, or row-level ratings"
lbenz FIFAIndex,09,10,2009,2010,CAM,477,1.0104821802935011,0.0,-2.0,6.0,2.331236897274633,0.243187,0.473795,0.454927,0.301887,258,0.540881,"aggregated counts and deltas; no source player names, IDs, or row-level ratings"
lbenz FIFAIndex,09,10,2009,2010,CB,1336,0.8008982035928144,0.0,-2.0,5.0,2.1526946107784433,0.270958,0.519461,0.437874,0.291168,619,0.463323,"aggregated counts and deltas; no source player names, IDs, or row-level ratings"
lbenz FIFAIndex,09,10,2009,2010,CDM,612,1.0816993464052287,0.0,-2.0,5.0,2.235294117647059,0.27451,0.493464,0.45915,0.26634,334,0.545752,"aggregated counts and deltas; no source player names, IDs, or row-level ratings"
lbenz FIFAIndex,09,10,2009,2010,CF/ST,1591,0.8969201759899434,0.0,-3.0,5.0,2.28095537397863,0.241358,0.471402,0.458202,0.30044,822,0.516656,"aggregated counts and deltas; no source player names, IDs, or row-level ratings"
lbenz FIFAIndex,09,10,2009,2010,CM,723,1.2047026279391424,0.0,-2.0,5.0,2.128630705394191,0.30982,0.518672,0.471646,0.218534,339,0.46888,"aggregated counts and deltas; no source player names, IDs, or row-level ratings"
lbenz FIFAIndex,09,10,2009,2010,GK,781,0.8412291933418694,0.0,-2.0,5.0,2.224071702944942,0.284251,0.49936,0.431498,0.284251,332,0.425096,"aggregated counts and deltas; no source player names, IDs, or row-level ratings"
lbenz FIFAIndex,09,10,2009,2010,LB/RB,733,0.8717598908594816,0.0,-2.0,5.0,1.9768076398362893,0.328786,0.563438,0.42292,0.248295,334,0.455662,"aggregated counts and deltas; no source player names, IDs, or row-level ratings"
lbenz FIFAIndex,09,10,2009,2010,LM/RM,657,0.9726027397260274,0.0,-2.0,5.0,2.2359208523592087,0.266362,0.488584,0.455099,0.278539,315,0.479452,"aggregated counts and deltas; no source player names, IDs, or row-level ratings"
lbenz FIFAIndex,09,10,2009,2010,LWB/RWB,326,0.9631901840490797,0.0,-2.5,5.0,2.3006134969325154,0.239264,0.460123,0.472393,0.288344,166,0.509202,"aggregated counts and deltas; no source player names, IDs, or row-level ratings"
lbenz FIFAIndex,09,10,2009,2010,unresolved-fine-position,380,1.1,0.0,-2.0,6.0,2.542105263157895,0.234211,0.460526,0.484211,0.281579,188,0.494737,"aggregated counts and deltas; no source player names, IDs, or row-level ratings"
lbenz FIFAIndex,10,11,2010,2011,CAM,480,0.85625,0.0,-3.0,5.0,2.4895833333333335,0.145833,0.41875,0.489583,0.364583,199,0.414583,"aggregated counts and deltas; no source player names, IDs, or row-level ratings"
lbenz FIFAIndex,10,11,2010,2011,CB,1364,0.4897360703812317,0.0,-3.0,4.0,1.9413489736070382,0.235337,0.538123,0.431818,0.332845,518,0.379765,"aggregated counts and deltas; no source player names, IDs, or row-level ratings"
lbenz FIFAIndex,10,11,2010,2011,CDM,599,0.19699499165275458,0.0,-3.0,3.0,2.05008347245409,0.193656,0.460768,0.400668,0.405676,253,0.422371,"aggregated counts and deltas; no source player names, IDs, or row-level ratings"
lbenz FIFAIndex,10,11,2010,2011,CF/ST,1608,0.5049751243781094,0.0,-3.0,4.0,2.165422885572139,0.211443,0.4801,0.432214,0.356343,754,0.468905,"aggregated counts and deltas; no source player names, IDs, or row-level ratings"
lbenz FIFAIndex,10,11,2010,2011,CM,717,0.34449093444909346,0.0,-3.0,4.0,2.1380753138075312,0.177127,0.457462,0.426778,0.396095,288,0.401674,"aggregated counts and deltas; no source player names, IDs, or row-level ratings"
lbenz FIFAIndex,10,11,2010,2011,GK,773,0.5148771021992238,0.0,-3.0,4.0,2.10608020698577,0.239327,0.522639,0.433376,0.327296,281,0.363519,"aggregated counts and deltas; no source player names, IDs, or row-level ratings"
lbenz FIFAIndex,10,11,2010,2011,LB/RB,736,0.657608695652174,0.0,-2.0,4.0,2.0135869565217392,0.192935,0.490489,0.46875,0.338315,293,0.398098,"aggregated counts and deltas; no source player names, IDs, or row-level ratings"
lbenz FIFAIndex,10,11,2010,2011,LM/RM,680,0.3602941176470588,0.0,-3.0,4.0,2.0897058823529413,0.177941,0.470588,0.432353,0.389706,261,0.383824,"aggregated counts and deltas; no source player names, IDs, or row-level ratings"
lbenz FIFAIndex,10,11,2010,2011,LWB/RWB,316,0.25316455696202533,0.0,-2.0,4.0,1.8987341772151898,0.212025,0.509494,0.376582,0.411392,133,0.420886,"aggregated counts and deltas; no source player names, IDs, or row-level ratings"
lbenz FIFAIndex,10,11,2010,2011,unresolved-fine-position,413,0.288135593220339,0.0,-3.0,4.0,2.162227602905569,0.227603,0.46247,0.394673,0.377724,189,0.457627,"aggregated counts and deltas; no source player names, IDs, or row-level ratings"
lbenz FIFAIndex,11,12,2011,2012,CAM,434,1.2649769585253456,1.0,-3.0,6.0,2.6566820276497696,0.131336,0.396313,0.559908,0.308756,187,0.430876,"aggregated counts and deltas; no source player names, IDs, or row-level ratings"
lbenz FIFAIndex,11,12,2011,2012,CB,1257,0.12967382657120127,0.0,-3.3999999999999915,4.0,2.3556085918854417,0.1607,0.429594,0.420048,0.419252,506,0.402546,"aggregated counts and deltas; no source player names, IDs, or row-level ratings"
lbenz FIFAIndex,11,12,2011,2012,CDM,556,0.6600719424460432,0.0,-3.0,5.0,2.4946043165467624,0.170863,0.411871,0.465827,0.363309,238,0.428058,"aggregated counts and deltas; no source player names, IDs, or row-level ratings"
lbenz FIFAIndex,11,12,2011,2012,CF/ST,1429,0.5276417074877536,0.0,-3.1999999999999886,5.0,2.662001399580126,0.139958,0.382785,0.446466,0.413576,814,0.569629,"aggregated counts and deltas; no source player names, IDs, or row-level ratings"
lbenz FIFAIndex,11,12,2011,2012,CM,766,1.0026109660574412,1.0,-3.0,5.0,2.5613577023498695,0.156658,0.403394,0.515666,0.327676,344,0.449086,"aggregated counts and deltas; no source player names, IDs, or row-level ratings"
lbenz FIFAIndex,11,12,2011,2012,GK,726,0.5,0.0,-3.0,5.0,2.4917355371900825,0.176309,0.464187,0.435262,0.38843,256,0.352617,"aggregated counts and deltas; no source player names, IDs, or row-level ratings"
lbenz FIFAIndex,11,12,2011,2012,LB/RB,737,0.16689280868385345,0.0,-3.0,4.0,2.1451831750339214,0.179104,0.466757,0.416554,0.404342,289,0.39213,"aggregated counts and deltas; no source player names, IDs, or row-level ratings"
lbenz FIFAIndex,11,12,2011,2012,LM/RM,622,0.4212218649517685,0.0,-3.0,5.0,2.395498392282958,0.146302,0.437299,0.448553,0.405145,280,0.450161,"aggregated counts and deltas; no source player names, IDs, or row-level ratings"
lbenz FIFAIndex,11,12,2011,2012,LW/RW,399,0.43358395989974935,0.0,-4.0,5.0,2.644110275689223,0.137845,0.39599,0.453634,0.408521,194,0.486216,"aggregated counts and deltas; no source player names, IDs, or row-level ratings"
lbenz FIFAIndex,11,12,2011,2012,LWB/RWB,266,0.06390977443609022,0.0,-3.0,3.0,2.0488721804511276,0.176692,0.454887,0.402256,0.421053,112,0.421053,"aggregated counts and deltas; no source player names, IDs, or row-level ratings"
lbenz FIFAIndex,11,12,2011,2012,unresolved-fine-position,4,1.25,2.0,-2.0999999999999996,4.0,2.75,0.25,0.25,0.5,0.25,2,0.5,"aggregated counts and deltas; no source player names, IDs, or row-level ratings"
lbenz FIFAIndex,12,13,2012,2013,CAM,521,0.19193857965451055,0.0,-3.0,4.0,2.2264875239923225,0.201536,0.474088,0.399232,0.399232,261,0.50096,"aggregated counts and deltas; no source player names, IDs, or row-level ratings"
lbenz FIFAIndex,12,13,2012,2013,CB,1336,0.2964071856287425,0.0,-3.0,4.0,1.9176646706586826,0.215569,0.510479,0.411677,0.372754,582,0.435629,"aggregated counts and deltas; no source player names, IDs, or row-level ratings"
lbenz FIFAIndex,12,13,2012,2013,CDM,606,0.2508250825082508,0.0,-3.0,3.5,2.062706270627063,0.19967,0.478548,0.420792,0.379538,291,0.480198,"aggregated counts and deltas; no source player names, IDs, or row-level ratings"
lbenz FIFAIndex,12,13,2012,2013,CF/ST,1333,0.18529632408102026,0.0,-3.0,4.0,2.0847711927981996,0.210803,0.486872,0.391598,0.397599,773,0.579895,"aggregated counts and deltas; no source player names, IDs, or row-level ratings"
lbenz FIFAIndex,12,13,2012,2013,CM,833,0.4381752701080432,0.0,-3.0,4.0,1.9627851140456183,0.238896,0.512605,0.430972,0.330132,377,0.452581,"aggregated counts and deltas; no source player names, IDs, or row-level ratings"
lbenz FIFAIndex,12,13,2012,2013,GK,752,0.5,0.0,-3.0,4.0,1.9867021276595744,0.212766,0.507979,0.461436,0.325798,277,0.368351,"aggregated counts and deltas; no source player names, IDs, or row-level ratings"
lbenz FIFAIndex,12,13,2012,2013,LB/RB,1104,0.4447463768115942,0.0,-2.0,4.0,1.796195652173913,0.259964,0.556159,0.414855,0.325181,497,0.450181,"aggregated counts and deltas; no source player names, IDs, or row-level ratings"
lbenz FIFAIndex,12,13,2012,2013,LM/RM,800,0.275,0.0,-3.0,4.0,2.0075,0.2225,0.5025,0.39375,0.38375,390,0.4875,"aggregated counts and deltas; no source player names, IDs, or row-level ratings"
lbenz FIFAIndex,12,13,2012,2013,LW/RW,365,0.24383561643835616,0.0,-3.0,4.0,2.117808219178082,0.172603,0.468493,0.430137,0.39726,193,0.528767,"aggregated counts and deltas; no source player names, IDs, or row-level ratings"
lbenz FIFAIndex,12,13,2012,2013,LWB/RWB,7,0.2857142857142857,1.0,-3.0,2.4000000000000004,2.0,0.142857,0.285714,0.571429,0.285714,4,0.571429,"aggregated counts and deltas; no source player names, IDs, or row-level ratings"
lbenz FIFAIndex,13,14,2013,2014,CAM,536,0.1623134328358209,0.0,-2.0,3.0,1.580223880597015,0.31903,0.610075,0.341418,0.339552,216,0.402985,"aggregated counts and deltas; no source player names, IDs, or row-level ratings"
lbenz FIFAIndex,13,14,2013,2014,CB,1355,0.1011070110701107,0.0,-2.0,2.0,1.4059040590405905,0.35203,0.659041,0.317343,0.330627,481,0.354982,"aggregated counts and deltas; no source player names, IDs, or row-level ratings"
lbenz FIFAIndex,13,14,2013,2014,CDM,635,0.1952755905511811,0.0,-2.0,3.0,1.4866141732283464,0.31811,0.637795,0.337008,0.344882,246,0.387402,"aggregated counts and deltas; no source player names, IDs, or row-level ratings"
lbenz FIFAIndex,13,14,2013,2014,CF/ST,1219,-0.03199343724364233,0.0,-3.0,3.0,1.5545529122231336,0.295324,0.600492,0.323216,0.38146,622,0.510254,"aggregated counts and deltas; no source player names, IDs, or row-level ratings"
lbenz FIFAIndex,13,14,2013,2014,CM,832,0.16826923076923078,0.0,-2.0,3.0,1.4615384615384615,0.342548,0.628606,0.353365,0.304087,328,0.394231,"aggregated counts and deltas; no source player names, IDs, or row-level ratings"
lbenz FIFAIndex,13,14,2013,2014,GK,777,0.21364221364221364,0.0,-2.0,3.0,1.3693693693693694,0.380952,0.648649,0.32175,0.297297,223,0.287001,"aggregated counts and deltas; no source player names, IDs, or row-level ratings"
lbenz FIFAIndex,13,14,2013,2014,LB/RB,1129,0.29229406554472986,0.0,-2.0,3.0,1.4384410983170948,0.330381,0.649247,0.370239,0.29938,371,0.328609,"aggregated counts and deltas; no source player names, IDs, or row-level ratings"
lbenz FIFAIndex,13,14,2013,2014,LM/RM,874,0.16475972540045766,0.0,-2.0,3.0,1.4805491990846682,0.283753,0.627002,0.375286,0.340961,358,0.409611,"aggregated counts and deltas; no source player names, IDs, or row-level ratings"
lbenz FIFAIndex,13,14,2013,2014,LW/RW,377,0.20424403183023873,0.0,-2.0,3.0,1.546419098143236,0.267905,0.588859,0.38992,0.342175,169,0.448276,"aggregated counts and deltas; no source player names, IDs, or row-level ratings"
lbenz FIFAIndex,13,14,2013,2014,LWB/RWB,9,0.4444444444444444,1.0,-2.0,4.0,2.2222222222222223,0.0,0.222222,0.555556,0.444444,1,0.111111,"aggregated counts and deltas; no source player names, IDs, or row-level ratings"
lbenz FIFAIndex,14,15,2014,2015,CAM,493,0.2697768762677485,0.0,-2.0,3.0,1.4908722109533468,0.322515,0.636917,0.346856,0.330629,225,0.456389,"aggregated counts and deltas; no source player names, IDs, or row-level ratings"
lbenz FIFAIndex,14,15,2014,2015,CB,1391,0.12365204888569374,0.0,-2.0,3.0,1.3803019410496047,0.331416,0.660676,0.335011,0.333573,507,0.364486,"aggregated counts and deltas; no source player names, IDs, or row-level ratings"
lbenz FIFAIndex,14,15,2014,2015,CDM,636,0.15880503144654087,0.0,-2.0,3.0,1.5550314465408805,0.325472,0.617925,0.363208,0.311321,221,0.347484,"aggregated counts and deltas; no source player names, IDs, or row-level ratings"
lbenz FIFAIndex,14,15,2014,2015,CF/ST,1179,0.089058524173028,0.0,-2.0,3.0,1.4936386768447838,0.292621,0.62341,0.33503,0.372349,653,0.553859,"aggregated counts and deltas; no source player names, IDs, or row-level ratings"
lbenz FIFAIndex,14,15,2014,2015,CM,839,0.36829558998808104,0.0,-2.0,3.0,1.4338498212157331,0.313468,0.649583,0.375447,0.311085,328,0.390942,"aggregated counts and deltas; no source player names, IDs, or row-level ratings"
lbenz FIFAIndex,14,15,2014,2015,GK,770,0.07662337662337662,0.0,-2.0,3.0,1.4012987012987013,0.354545,0.641558,0.318182,0.327273,274,0.355844,"aggregated counts and deltas; no source player names, IDs, or row-level ratings"
lbenz FIFAIndex,14,15,2014,2015,LB/RB,1133,0.2965578111209179,0.0,-2.0,3.0,1.322153574580759,0.333628,0.684907,0.361871,0.304501,440,0.38835,"aggregated counts and deltas; no source player names, IDs, or row-level ratings"
lbenz FIFAIndex,14,15,2014,2015,LM/RM,1005,0.2865671641791045,0.0,-2.0,3.0,1.5303482587064676,0.300498,0.618905,0.370149,0.329353,453,0.450746,"aggregated counts and deltas; no source player names, IDs, or row-level ratings"
lbenz FIFAIndex,14,15,2014,2015,LW/RW,370,0.05405405405405406,0.0,-2.0,3.0,1.5891891891891892,0.272973,0.572973,0.335135,0.391892,186,0.502703,"aggregated counts and deltas; no source player names, IDs, or row-level ratings"
lbenz FIFAIndex,14,15,2014,2015,LWB/RWB,11,-1.0909090909090908,-1.0,-2.0,0.0,1.4545454545454546,0.363636,0.454545,0.090909,0.545455,3,0.272727,"aggregated counts and deltas; no source player names, IDs, or row-level ratings"
lbenz FIFAIndex,15,16,2015,2016,CAM,491,1.4175152749490836,1.0,-1.0,4.0,1.9144602851323829,0.171079,0.507128,0.665988,0.162933,249,0.507128,"aggregated counts and deltas; no source player names, IDs, or row-level ratings"
lbenz FIFAIndex,15,16,2015,2016,CB,1417,1.8722653493295696,2.0,0.0,4.0,2.2011291460832747,0.101623,0.371912,0.803811,0.094566,683,0.482004,"aggregated counts and deltas; no source player names, IDs, or row-level ratings"
lbenz FIFAIndex,15,16,2015,2016,CDM,679,1.438880706921944,1.0,-1.0,4.0,1.9425625920471281,0.216495,0.515464,0.653903,0.129602,352,0.518409,"aggregated counts and deltas; no source player names, IDs, or row-level ratings"
lbenz FIFAIndex,15,16,2015,2016,CF/ST,1172,1.2602389078498293,1.0,-1.0,4.0,1.877986348122867,0.187713,0.527304,0.637372,0.174915,697,0.59471,"aggregated counts and deltas; no source player names, IDs, or row-level ratings"
lbenz FIFAIndex,15,16,2015,2016,CM,865,1.584971098265896,1.0,-1.0,4.0,1.9757225433526011,0.137572,0.47052,0.738728,0.123699,414,0.478613,"aggregated counts and deltas; no source player names, IDs, or row-level ratings"
lbenz FIFAIndex,15,16,2015,2016,GK,770,1.1493506493506493,1.0,-1.0,4.0,1.6818181818181819,0.187013,0.612987,0.65974,0.153247,362,0.47013,"aggregated counts and deltas; no source player names, IDs, or row-level ratings"
lbenz FIFAIndex,15,16,2015,2016,LB/RB,1214,2.238879736408567,2.0,0.0,4.0,2.4481054365733113,0.096376,0.306425,0.836903,0.066722,590,0.485997,"aggregated counts and deltas; no source player names, IDs, or row-level ratings"
lbenz FIFAIndex,15,16,2015,2016,LM/RM,980,1.2836734693877552,1.0,-1.0,4.0,1.8775510204081634,0.187755,0.508163,0.645918,0.166327,530,0.540816,"aggregated counts and deltas; no source player names, IDs, or row-level ratings"
lbenz FIFAIndex,15,16,2015,2016,LW/RW,341,1.4897360703812317,1.0,-1.0,4.0,1.8768328445747802,0.211144,0.527859,0.651026,0.13783,203,0.595308,"aggregated counts and deltas; no source player names, IDs, or row-level ratings"
lbenz FIFAIndex,15,16,2015,2016,LWB/RWB,19,1.6842105263157894,1.0,0.0,4.0,1.894736842105263,0.210526,0.473684,0.736842,0.052632,9,0.473684,"aggregated counts and deltas; no source player names, IDs, or row-level ratings"
lbenz FIFAIndex,16,17,2016,2017,CAM,547,0.9579524680073126,1.0,-2.0,4.0,1.817184643510055,0.171846,0.561243,0.625229,0.202925,270,0.493601,"aggregated counts and deltas; no source player names, IDs, or row-level ratings"
lbenz FIFAIndex,16,17,2016,2017,CB,1410,1.0099290780141843,1.0,-2.0,4.0,1.7702127659574467,0.155319,0.557447,0.643972,0.200709,548,0.388652,"aggregated counts and deltas; no source player names, IDs, or row-level ratings"
lbenz FIFAIndex,16,17,2016,2017,CDM,754,1.1127320954907163,1.0,-1.0,4.0,1.8501326259946949,0.172414,0.546419,0.640584,0.187003,285,0.377984,"aggregated counts and deltas; no source player names, IDs, or row-level ratings"
lbenz FIFAIndex,16,17,2016,2017,CF/ST,1142,1.1865148861646235,1.0,-1.0,4.0,1.894045534150613,0.178634,0.522767,0.630473,0.190893,569,0.498249,"aggregated counts and deltas; no source player names, IDs, or row-level ratings"
lbenz FIFAIndex,16,17,2016,2017,CM,826,1.4200968523002422,1.0,-1.0,4.0,1.8801452784503632,0.144068,0.543584,0.7046,0.151332,329,0.398305,"aggregated counts and deltas; no source player names, IDs, or row-level ratings"
lbenz FIFAIndex,16,17,2016,2017,GK,761,1.1432325886990802,1.0,-1.0,4.0,1.8791064388961893,0.182654,0.558476,0.629435,0.187911,266,0.34954,"aggregated counts and deltas; no source player names, IDs, or row-level ratings"
lbenz FIFAIndex,16,17,2016,2017,LB/RB,1298,1.0215716486902928,1.0,-1.0,3.0,1.654853620955316,0.178737,0.596302,0.640986,0.180277,483,0.372111,"aggregated counts and deltas; no source player names, IDs, or row-level ratings"
lbenz FIFAIndex,16,17,2016,2017,LM/RM,1024,1.2890625,1.0,-1.0,4.0,1.83203125,0.162109,0.543945,0.678711,0.15918,470,0.458984,"aggregated counts and deltas; no source player names, IDs, or row-level ratings"
lbenz FIFAIndex,16,17,2016,2017,LW/RW,314,0.6815286624203821,0.0,-2.0,3.6999999999999886,1.5796178343949046,0.261146,0.582803,0.464968,0.273885,142,0.452229,"aggregated counts and deltas; no source player names, IDs, or row-level ratings"
lbenz FIFAIndex,16,17,2016,2017,LWB/RWB,19,1.4210526315789473,2.0,-1.0,4.0,1.9473684210526316,0.105263,0.421053,0.684211,0.210526,9,0.473684,"aggregated counts and deltas; no source player names, IDs, or row-level ratings"
lbenz FIFAIndex,17,18,2017,2018,CAM,547,0.3217550274223035,0.0,-2.0,3.0,1.287020109689214,0.393053,0.678245,0.338208,0.268739,265,0.484461,"aggregated counts and deltas; no source player names, IDs, or row-level ratings"
lbenz FIFAIndex,17,18,2017,2018,CB,1456,0.1778846153846154,0.0,-2.0,2.0,1.2396978021978022,0.333791,0.690934,0.348214,0.317995,592,0.406593,"aggregated counts and deltas; no source player names, IDs, or row-level ratings"
lbenz FIFAIndex,17,18,2017,2018,CDM,784,0.23596938775510204,0.0,-2.0,2.0,1.159438775510204,0.38648,0.702806,0.352041,0.26148,324,0.413265,"aggregated counts and deltas; no source player names, IDs, or row-level ratings"
lbenz FIFAIndex,17,18,2017,2018,CF/ST,1182,0.23011844331641285,0.0,-2.0,3.0,1.2707275803722504,0.318951,0.674281,0.361252,0.319797,615,0.520305,"aggregated counts and deltas; no source player names, IDs, or row-level ratings"
lbenz FIFAIndex,17,18,2017,2018,CM,857,0.36406067677946324,0.0,-2.0,3.0,1.397899649941657,0.294049,0.635939,0.395566,0.310385,353,0.411902,"aggregated counts and deltas; no source player names, IDs, or row-level ratings"
lbenz FIFAIndex,17,18,2017,2018,GK,763,0.272608125819135,0.0,-2.0,3.0,1.3053735255570118,0.366972,0.656619,0.357798,0.275229,272,0.356488,"aggregated counts and deltas; no source player names, IDs, or row-level ratings"
lbenz FIFAIndex,17,18,2017,2018,LB/RB,1290,0.16666666666666666,0.0,-2.0,2.0,1.1713178294573643,0.357364,0.716279,0.337209,0.305426,509,0.394574,"aggregated counts and deltas; no source player names, IDs, or row-level ratings"
lbenz FIFAIndex,17,18,2017,2018,LM/RM,969,0.2672858617131063,0.0,-2.0,3.0,1.2972136222910218,0.319917,0.668731,0.363261,0.316821,418,0.431373,"aggregated counts and deltas; no source player names, IDs, or row-level ratings"
lbenz FIFAIndex,17,18,2017,2018,LW/RW,311,0.44694533762057875,0.0,-2.0,3.0,1.392282958199357,0.276527,0.630225,0.440514,0.282958,147,0.472669,"aggregated counts and deltas; no source player names, IDs, or row-level ratings"
lbenz FIFAIndex,17,18,2017,2018,LWB/RWB,30,0.6333333333333333,0.0,-2.0,4.0,1.5,0.3,0.6,0.433333,0.266667,12,0.4,"aggregated counts and deltas; no source player names, IDs, or row-level ratings"
lbenz FIFAIndex,18,19,2018,2019,CAM,521,0.28982725527831094,0.0,-2.0,3.0,1.3032629558541267,0.370441,0.675624,0.347409,0.28215,281,0.539347,"aggregated counts and deltas; no source player names, IDs, or row-level ratings"
lbenz FIFAIndex,18,19,2018,2019,CB,1464,0.18920765027322403,0.0,-2.0,3.0,1.4173497267759563,0.282104,0.641393,0.376366,0.34153,702,0.479508,"aggregated counts and deltas; no source player names, IDs, or row-level ratings"
lbenz FIFAIndex,18,19,2018,2019,CDM,756,0.31746031746031744,0.0,-2.0,2.0,1.3783068783068784,0.294974,0.646825,0.400794,0.304233,371,0.490741,"aggregated counts and deltas; no source player names, IDs, or row-level ratings"
lbenz FIFAIndex,18,19,2018,2019,CF/ST,1158,0.3298791018998273,0.0,-2.0,3.0,1.4663212435233162,0.272021,0.637306,0.388601,0.339378,674,0.582038,"aggregated counts and deltas; no source player names, IDs, or row-level ratings"
lbenz FIFAIndex,18,19,2018,2019,CM,888,0.3355855855855856,0.0,-2.0,3.0,1.5225225225225225,0.278153,0.619369,0.402027,0.31982,418,0.470721,"aggregated counts and deltas; no source player names, IDs, or row-level ratings"
lbenz FIFAIndex,18,19,2018,2019,GK,767,0.3455019556714472,0.0,-2.0,3.0,1.5215123859191655,0.305085,0.59322,0.391134,0.303781,352,0.458931,"aggregated counts and deltas; no source player names, IDs, or row-level ratings"
lbenz FIFAIndex,18,19,2018,2019,LB/RB,1202,0.17554076539101499,0.0,-2.0,3.0,1.3868552412645592,0.301997,0.659734,0.35025,0.347754,579,0.481697,"aggregated counts and deltas; no source player names, IDs, or row-level ratings"
lbenz FIFAIndex,18,19,2018,2019,LM/RM,977,0.323439099283521,0.0,-2.0,3.0,1.5046059365404298,0.253838,0.616172,0.394063,0.352098,506,0.517912,"aggregated counts and deltas; no source player names, IDs, or row-level ratings"
lbenz FIFAIndex,18,19,2018,2019,LW/RW,322,0.6180124223602484,0.0,-2.0,3.0,1.5559006211180124,0.270186,0.599379,0.450311,0.279503,158,0.490683,"aggregated counts and deltas; no source player names, IDs, or row-level ratings"
lbenz FIFAIndex,18,19,2018,2019,LWB/RWB,48,0.5416666666666666,0.0,-1.2999999999999998,3.3000000000000043,1.2916666666666667,0.375,0.645833,0.416667,0.208333,24,0.5,"aggregated counts and deltas; no source player names, IDs, or row-level ratings"
lbenz FIFAIndex,19,20,2019,2020,CAM,532,0.14285714285714285,0.0,-2.0,2.0,1.1578947368421053,0.379699,0.699248,0.319549,0.300752,212,0.398496,"aggregated counts and deltas; no source player names, IDs, or row-level ratings"
lbenz FIFAIndex,19,20,2019,2020,CB,1493,0.19691895512391158,0.0,-2.0,2.0,1.2190221031480242,0.32351,0.696584,0.358339,0.318151,533,0.356999,"aggregated counts and deltas; no source player names, IDs, or row-level ratings"
lbenz FIFAIndex,19,20,2019,2020,CDM,743,0.063257065948856,0.0,-2.0,2.0,1.234185733512786,0.328398,0.686406,0.328398,0.343203,254,0.341857,"aggregated counts and deltas; no source player names, IDs, or row-level ratings"
lbenz FIFAIndex,19,20,2019,2020,CF/ST,1226,0.20473083197389885,0.0,-2.0,2.0,1.2634584013050572,0.306688,0.683524,0.358891,0.334421,577,0.470636,"aggregated counts and deltas; no source player names, IDs, or row-level ratings"
lbenz FIFAIndex,19,20,2019,2020,CM,971,0.31822863027806386,0.0,-2.0,3.0,1.2327497425334706,0.327497,0.687951,0.374871,0.297631,363,0.373841,"aggregated counts and deltas; no source player names, IDs, or row-level ratings"
lbenz FIFAIndex,19,20,2019,2020,GK,783,0.26947637292464877,0.0,-2.0,3.0,1.2733077905491699,0.357599,0.662835,0.351213,0.291188,250,0.319285,"aggregated counts and deltas; no source player names, IDs, or row-level ratings"
lbenz FIFAIndex,19,20,2019,2020,LB/RB,1207,0.22783761391880697,0.0,-2.0,2.0,1.1491300745650372,0.351284,0.723281,0.343828,0.304888,431,0.357084,"aggregated counts and deltas; no source player names, IDs, or row-level ratings"
lbenz FIFAIndex,19,20,2019,2020,LM/RM,1005,0.2835820895522388,0.0,-2.0,2.6000000000000227,1.2646766169154229,0.293532,0.682587,0.381095,0.325373,445,0.442786,"aggregated counts and deltas; no source player names, IDs, or row-level ratings"
lbenz FIFAIndex,19,20,2019,2020,LW/RW,336,0.2708333333333333,0.0,-2.0,3.0,1.2827380952380953,0.327381,0.675595,0.366071,0.306548,149,0.443452,"aggregated counts and deltas; no source player names, IDs, or row-level ratings"
lbenz FIFAIndex,19,20,2019,2020,LWB/RWB,70,-0.02857142857142857,0.0,-3.0,3.0,1.3714285714285714,0.342857,0.685714,0.285714,0.371429,24,0.342857,"aggregated counts and deltas; no source player names, IDs, or row-level ratings"
