fixture_era,year,source_a,source_b,player_a_id,player_b_id,name_a,name_b,nationality,overall_a,overall_b,delta_b_minus_a,join_method,fixture_policy
2010,2010,Mzafram SoFIFA,lbenz FIFAIndex,184392,184392,Matteo Darmian,Matteo Darmian,italy,60.0,60.0,0.0,unique normalized name + nationality exact,"first 100 deterministic SHA256-sorted unique name+nationality joins for lbenz vs Mzafram; spot-check only, not prevalence"
2010,2010,Mzafram SoFIFA,lbenz FIFAIndex,191226,191226,Daniel Schulz,Daniel Schulz,germany,61.0,61.0,0.0,unique normalized name + nationality exact,"first 100 deterministic SHA256-sorted unique name+nationality joins for lbenz vs Mzafram; spot-check only, not prevalence"
2010,2010,Mzafram SoFIFA,lbenz FIFAIndex,183258,183258,Pablo Álvarez,Pablo Álvarez,uruguay,64.0,64.0,0.0,unique normalized name + nationality exact,"first 100 deterministic SHA256-sorted unique name+nationality joins for lbenz vs Mzafram; spot-check only, not prevalence"
2010,2010,Mzafram SoFIFA,lbenz FIFAIndex,135779,135779,Sousa,Sousa,spain,68.0,68.0,0.0,unique normalized name + nationality exact,"first 100 deterministic SHA256-sorted unique name+nationality joins for lbenz vs Mzafram; spot-check only, not prevalence"
2010,2010,Mzafram SoFIFA,lbenz FIFAIndex,49105,49105,Ekrem Dağ,Ekrem Dağ,austria,73.0,75.0,2.0,unique normalized name + nationality exact,"first 100 deterministic SHA256-sorted unique name+nationality joins for lbenz vs Mzafram; spot-check only, not prevalence"
2010,2010,Mzafram SoFIFA,lbenz FIFAIndex,156500,156500,Antonio Olvera,Antonio Olvera,mexico,66.0,67.0,1.0,unique normalized name + nationality exact,"first 100 deterministic SHA256-sorted unique name+nationality joins for lbenz vs Mzafram; spot-check only, not prevalence"
2010,2010,Mzafram SoFIFA,lbenz FIFAIndex,155445,155445,Emil Gabriel Jula,Emil Gabriel Jula,romania,67.0,67.0,0.0,unique normalized name + nationality exact,"first 100 deterministic SHA256-sorted unique name+nationality joins for lbenz vs Mzafram; spot-check only, not prevalence"
2010,2010,Mzafram SoFIFA,lbenz FIFAIndex,193107,193107,Paulo Victor,Paulo Victor,brazil,63.0,63.0,0.0,unique normalized name + nationality exact,"first 100 deterministic SHA256-sorted unique name+nationality joins for lbenz vs Mzafram; spot-check only, not prevalence"
2010,2010,Mzafram SoFIFA,lbenz FIFAIndex,168326,168326,Salvatore Bocchetti,Salvatore Bocchetti,italy,76.0,76.0,0.0,unique normalized name + nationality exact,"first 100 deterministic SHA256-sorted unique name+nationality joins for lbenz vs Mzafram; spot-check only, not prevalence"
2010,2010,Mzafram SoFIFA,lbenz FIFAIndex,50888,50888,Yoann Poulard,Yoann Poulard,france,69.0,69.0,0.0,unique normalized name + nationality exact,"first 100 deterministic SHA256-sorted unique name+nationality joins for lbenz vs Mzafram; spot-check only, not prevalence"
2010,2010,Mzafram SoFIFA,lbenz FIFAIndex,152507,152507,George Elokobi,George Elokobi,cameroon,67.0,65.0,-2.0,unique normalized name + nationality exact,"first 100 deterministic SHA256-sorted unique name+nationality joins for lbenz vs Mzafram; spot-check only, not prevalence"
2010,2010,Mzafram SoFIFA,lbenz FIFAIndex,192554,192554,Mohammed Abubakari,Mohammed Abubakari,ghana,66.0,66.0,0.0,unique normalized name + nationality exact,"first 100 deterministic SHA256-sorted unique name+nationality joins for lbenz vs Mzafram; spot-check only, not prevalence"
2010,2010,Mzafram SoFIFA,lbenz FIFAIndex,142321,142321,Giorgos Fotakis,Giorgos Fotakis,greece,74.0,70.0,-4.0,unique normalized name + nationality exact,"first 100 deterministic SHA256-sorted unique name+nationality joins for lbenz vs Mzafram; spot-check only, not prevalence"
2010,2010,Mzafram SoFIFA,lbenz FIFAIndex,176799,176799,Bobbie Friberg Da Cruz,Bobbie Friberg Da Cruz,sweden,63.0,63.0,0.0,unique normalized name + nationality exact,"first 100 deterministic SHA256-sorted unique name+nationality joins for lbenz vs Mzafram; spot-check only, not prevalence"
2010,2010,Mzafram SoFIFA,lbenz FIFAIndex,160546,160546,Valeriu Catinsus,Valeriu Catinsus,moldova,67.0,66.0,-1.0,unique normalized name + nationality exact,"first 100 deterministic SHA256-sorted unique name+nationality joins for lbenz vs Mzafram; spot-check only, not prevalence"
2010,2010,Mzafram SoFIFA,lbenz FIFAIndex,194166,194166,Stevan Racic,Stevan Racic,serbia,59.0,59.0,0.0,unique normalized name + nationality exact,"first 100 deterministic SHA256-sorted unique name+nationality joins for lbenz vs Mzafram; spot-check only, not prevalence"
2010,2010,Mzafram SoFIFA,lbenz FIFAIndex,193449,193449,David Witteveen,David Witteveen,austria,64.0,69.0,5.0,unique normalized name + nationality exact,"first 100 deterministic SHA256-sorted unique name+nationality joins for lbenz vs Mzafram; spot-check only, not prevalence"
2010,2010,Mzafram SoFIFA,lbenz FIFAIndex,138497,138497,Amaya,Amaya,spain,64.0,64.0,0.0,unique normalized name + nationality exact,"first 100 deterministic SHA256-sorted unique name+nationality joins for lbenz vs Mzafram; spot-check only, not prevalence"
2010,2010,Mzafram SoFIFA,lbenz FIFAIndex,140200,140200,Daisuke Matsui,Daisuke Matsui,japan,74.0,74.0,0.0,unique normalized name + nationality exact,"first 100 deterministic SHA256-sorted unique name+nationality joins for lbenz vs Mzafram; spot-check only, not prevalence"
2010,2010,Mzafram SoFIFA,lbenz FIFAIndex,142344,142344,Elyaniv Barda,Elyaniv Barda,israel,70.0,70.0,0.0,unique normalized name + nationality exact,"first 100 deterministic SHA256-sorted unique name+nationality joins for lbenz vs Mzafram; spot-check only, not prevalence"
2010,2010,Mzafram SoFIFA,lbenz FIFAIndex,173982,173982,Brian Allison,Brian Allison,scotland,60.0,60.0,0.0,unique normalized name + nationality exact,"first 100 deterministic SHA256-sorted unique name+nationality joins for lbenz vs Mzafram; spot-check only, not prevalence"
2010,2010,Mzafram SoFIFA,lbenz FIFAIndex,173546,173546,James Tomkins,James Tomkins,england,69.0,70.0,1.0,unique normalized name + nationality exact,"first 100 deterministic SHA256-sorted unique name+nationality joins for lbenz vs Mzafram; spot-check only, not prevalence"
2010,2010,Mzafram SoFIFA,lbenz FIFAIndex,156955,156955,Jamie Harris,Jamie Harris,wales,62.0,62.0,0.0,unique normalized name + nationality exact,"first 100 deterministic SHA256-sorted unique name+nationality joins for lbenz vs Mzafram; spot-check only, not prevalence"
2010,2010,Mzafram SoFIFA,lbenz FIFAIndex,49575,49575,Magnus Andersson,Magnus Andersson,sweden,65.0,65.0,0.0,unique normalized name + nationality exact,"first 100 deterministic SHA256-sorted unique name+nationality joins for lbenz vs Mzafram; spot-check only, not prevalence"
2010,2010,Mzafram SoFIFA,lbenz FIFAIndex,156959,156959,Ceará,Ceará,brazil,72.0,72.0,0.0,unique normalized name + nationality exact,"first 100 deterministic SHA256-sorted unique name+nationality joins for lbenz vs Mzafram; spot-check only, not prevalence"
2010,2010,Mzafram SoFIFA,lbenz FIFAIndex,194126,194126,Bruno Batata,Bruno Batata,brazil,68.0,68.0,0.0,unique normalized name + nationality exact,"first 100 deterministic SHA256-sorted unique name+nationality joins for lbenz vs Mzafram; spot-check only, not prevalence"
2010,2010,Mzafram SoFIFA,lbenz FIFAIndex,191023,191023,Bruno Bertucci,Bruno Bertucci,brazil,65.0,65.0,0.0,unique normalized name + nationality exact,"first 100 deterministic SHA256-sorted unique name+nationality joins for lbenz vs Mzafram; spot-check only, not prevalence"
2010,2010,Mzafram SoFIFA,lbenz FIFAIndex,185109,185109,Maciej Sadlok,Maciej Sadlok,poland,61.0,61.0,0.0,unique normalized name + nationality exact,"first 100 deterministic SHA256-sorted unique name+nationality joins for lbenz vs Mzafram; spot-check only, not prevalence"
2010,2010,Mzafram SoFIFA,lbenz FIFAIndex,164380,164380,Mirko Pieri,Mirko Pieri,italy,71.0,72.0,1.0,unique normalized name + nationality exact,"first 100 deterministic SHA256-sorted unique name+nationality joins for lbenz vs Mzafram; spot-check only, not prevalence"
2010,2010,Mzafram SoFIFA,lbenz FIFAIndex,192633,192633,Manuel Salz,Manuel Salz,germany,64.0,64.0,0.0,unique normalized name + nationality exact,"first 100 deterministic SHA256-sorted unique name+nationality joins for lbenz vs Mzafram; spot-check only, not prevalence"
2010,2010,Mzafram SoFIFA,lbenz FIFAIndex,140709,140709,Goce Sedloski,Goce Sedloski,northmacedonia,62.0,63.0,1.0,unique normalized name + nationality exact,"first 100 deterministic SHA256-sorted unique name+nationality joins for lbenz vs Mzafram; spot-check only, not prevalence"
2010,2010,Mzafram SoFIFA,lbenz FIFAIndex,153131,153131,Janusz Dziedzic,Janusz Dziedzic,poland,63.0,63.0,0.0,unique normalized name + nationality exact,"first 100 deterministic SHA256-sorted unique name+nationality joins for lbenz vs Mzafram; spot-check only, not prevalence"
2010,2010,Mzafram SoFIFA,lbenz FIFAIndex,148960,148960,Ruud Berger,Ruud Berger,netherlands,65.0,65.0,0.0,unique normalized name + nationality exact,"first 100 deterministic SHA256-sorted unique name+nationality joins for lbenz vs Mzafram; spot-check only, not prevalence"
2010,2010,Mzafram SoFIFA,lbenz FIFAIndex,5208,5208,Rudy Riou,Rudy Riou,france,63.0,63.0,0.0,unique normalized name + nationality exact,"first 100 deterministic SHA256-sorted unique name+nationality joins for lbenz vs Mzafram; spot-check only, not prevalence"
2010,2010,Mzafram SoFIFA,lbenz FIFAIndex,6408,6408,Ulrik Laursen,Ulrik Laursen,denmark,66.0,66.0,0.0,unique normalized name + nationality exact,"first 100 deterministic SHA256-sorted unique name+nationality joins for lbenz vs Mzafram; spot-check only, not prevalence"
2010,2010,Mzafram SoFIFA,lbenz FIFAIndex,153210,153210,Przemysław Kulig,Przemysław Kulig,poland,61.0,61.0,0.0,unique normalized name + nationality exact,"first 100 deterministic SHA256-sorted unique name+nationality joins for lbenz vs Mzafram; spot-check only, not prevalence"
2010,2010,Mzafram SoFIFA,lbenz FIFAIndex,175847,175847,Baiano,Baiano,brazil,62.0,62.0,0.0,unique normalized name + nationality exact,"first 100 deterministic SHA256-sorted unique name+nationality joins for lbenz vs Mzafram; spot-check only, not prevalence"
2010,2010,Mzafram SoFIFA,lbenz FIFAIndex,186172,186172,Gavin Gunning,Gavin Gunning,republicofireland,63.0,63.0,0.0,unique normalized name + nationality exact,"first 100 deterministic SHA256-sorted unique name+nationality joins for lbenz vs Mzafram; spot-check only, not prevalence"
2010,2010,Mzafram SoFIFA,lbenz FIFAIndex,177326,177326,Mathieu Valbuena,Mathieu Valbuena,france,76.0,76.0,0.0,unique normalized name + nationality exact,"first 100 deterministic SHA256-sorted unique name+nationality joins for lbenz vs Mzafram; spot-check only, not prevalence"
2010,2010,Mzafram SoFIFA,lbenz FIFAIndex,105318,105318,Jaime Andrés Zapata Valdés,Jaime Andrés Zapata Valdés,chile,75.0,75.0,0.0,unique normalized name + nationality exact,"first 100 deterministic SHA256-sorted unique name+nationality joins for lbenz vs Mzafram; spot-check only, not prevalence"
2010,2010,Mzafram SoFIFA,lbenz FIFAIndex,156543,156543,Sergio Hellings,Sergio Hellings,netherlands,60.0,60.0,0.0,unique normalized name + nationality exact,"first 100 deterministic SHA256-sorted unique name+nationality joins for lbenz vs Mzafram; spot-check only, not prevalence"
2010,2010,Mzafram SoFIFA,lbenz FIFAIndex,190202,190202,Jokin Esparza,Jokin Esparza,spain,66.0,66.0,0.0,unique normalized name + nationality exact,"first 100 deterministic SHA256-sorted unique name+nationality joins for lbenz vs Mzafram; spot-check only, not prevalence"
2010,2010,Mzafram SoFIFA,lbenz FIFAIndex,142720,142720,Carlos Luciano Araujo,Carlos Luciano Araujo,argentina,70.0,70.0,0.0,unique normalized name + nationality exact,"first 100 deterministic SHA256-sorted unique name+nationality joins for lbenz vs Mzafram; spot-check only, not prevalence"
2010,2010,Mzafram SoFIFA,lbenz FIFAIndex,137241,137241,Houssine Kharja,Houssine Kharja,morocco,77.0,77.0,0.0,unique normalized name + nationality exact,"first 100 deterministic SHA256-sorted unique name+nationality joins for lbenz vs Mzafram; spot-check only, not prevalence"
2010,2010,Mzafram SoFIFA,lbenz FIFAIndex,21314,21314,Karim Zaza,Karim Zaza,morocco,71.0,71.0,0.0,unique normalized name + nationality exact,"first 100 deterministic SHA256-sorted unique name+nationality joins for lbenz vs Mzafram; spot-check only, not prevalence"
2010,2010,Mzafram SoFIFA,lbenz FIFAIndex,172835,172835,Marco Andreolli,Marco Andreolli,italy,72.0,72.0,0.0,unique normalized name + nationality exact,"first 100 deterministic SHA256-sorted unique name+nationality joins for lbenz vs Mzafram; spot-check only, not prevalence"
2010,2010,Mzafram SoFIFA,lbenz FIFAIndex,146543,146543,Néstor Fabián Canobbio,Néstor Fabián Canobbio,uruguay,76.0,75.0,-1.0,unique normalized name + nationality exact,"first 100 deterministic SHA256-sorted unique name+nationality joins for lbenz vs Mzafram; spot-check only, not prevalence"
2010,2010,Mzafram SoFIFA,lbenz FIFAIndex,164642,164642,Jesper Lange,Jesper Lange,denmark,67.0,68.0,1.0,unique normalized name + nationality exact,"first 100 deterministic SHA256-sorted unique name+nationality joins for lbenz vs Mzafram; spot-check only, not prevalence"
2010,2010,Mzafram SoFIFA,lbenz FIFAIndex,147621,147621,Alexandr Samedov,Alexandr Samedov,russia,74.0,71.0,-3.0,unique normalized name + nationality exact,"first 100 deterministic SHA256-sorted unique name+nationality joins for lbenz vs Mzafram; spot-check only, not prevalence"
2010,2010,Mzafram SoFIFA,lbenz FIFAIndex,45763,45763,Christian Poulsen,Christian Poulsen,denmark,76.0,77.0,1.0,unique normalized name + nationality exact,"first 100 deterministic SHA256-sorted unique name+nationality joins for lbenz vs Mzafram; spot-check only, not prevalence"
2010,2010,Mzafram SoFIFA,lbenz FIFAIndex,167644,167644,Isaac Chansa,Isaac Chansa,zambia,63.0,63.0,0.0,unique normalized name + nationality exact,"first 100 deterministic SHA256-sorted unique name+nationality joins for lbenz vs Mzafram; spot-check only, not prevalence"
2010,2010,Mzafram SoFIFA,lbenz FIFAIndex,189721,189721,Arnór Smárason,Arnór Smárason,iceland,64.0,66.0,2.0,unique normalized name + nationality exact,"first 100 deterministic SHA256-sorted unique name+nationality joins for lbenz vs Mzafram; spot-check only, not prevalence"
2010,2010,Mzafram SoFIFA,lbenz FIFAIndex,173514,173514,Ian Morris,Ian Morris,republicofireland,59.0,60.0,1.0,unique normalized name + nationality exact,"first 100 deterministic SHA256-sorted unique name+nationality joins for lbenz vs Mzafram; spot-check only, not prevalence"
2010,2010,Mzafram SoFIFA,lbenz FIFAIndex,9764,9764,Youssouf Hersi,Youssouf Hersi,netherlands,68.0,68.0,0.0,unique normalized name + nationality exact,"first 100 deterministic SHA256-sorted unique name+nationality joins for lbenz vs Mzafram; spot-check only, not prevalence"
2010,2010,Mzafram SoFIFA,lbenz FIFAIndex,169844,169844,Liam Davis,Liam Davis,england,62.0,62.0,0.0,unique normalized name + nationality exact,"first 100 deterministic SHA256-sorted unique name+nationality joins for lbenz vs Mzafram; spot-check only, not prevalence"
2010,2010,Mzafram SoFIFA,lbenz FIFAIndex,179960,179960,Ben Sahar,Ben Sahar,israel,71.0,73.0,2.0,unique normalized name + nationality exact,"first 100 deterministic SHA256-sorted unique name+nationality joins for lbenz vs Mzafram; spot-check only, not prevalence"
2010,2010,Mzafram SoFIFA,lbenz FIFAIndex,177475,177475,Tobias Sippel,Tobias Sippel,germany,70.0,69.0,-1.0,unique normalized name + nationality exact,"first 100 deterministic SHA256-sorted unique name+nationality joins for lbenz vs Mzafram; spot-check only, not prevalence"
2010,2010,Mzafram SoFIFA,lbenz FIFAIndex,1173,1173,Nicola Amoruso,Nicola Amoruso,italy,73.0,76.0,3.0,unique normalized name + nationality exact,"first 100 deterministic SHA256-sorted unique name+nationality joins for lbenz vs Mzafram; spot-check only, not prevalence"
2010,2010,Mzafram SoFIFA,lbenz FIFAIndex,8723,8723,Palacios,Palacios,spain,67.0,67.0,0.0,unique normalized name + nationality exact,"first 100 deterministic SHA256-sorted unique name+nationality joins for lbenz vs Mzafram; spot-check only, not prevalence"
2010,2010,Mzafram SoFIFA,lbenz FIFAIndex,183430,183430,Sreten Sretenovic,Sreten Sretenovic,serbia,68.0,67.0,-1.0,unique normalized name + nationality exact,"first 100 deterministic SHA256-sorted unique name+nationality joins for lbenz vs Mzafram; spot-check only, not prevalence"
2010,2010,Mzafram SoFIFA,lbenz FIFAIndex,184817,184817,Francis Laurent,Francis Laurent,france,59.0,60.0,1.0,unique normalized name + nationality exact,"first 100 deterministic SHA256-sorted unique name+nationality joins for lbenz vs Mzafram; spot-check only, not prevalence"
2010,2010,Mzafram SoFIFA,lbenz FIFAIndex,113931,113931,Ortiz,Ortiz,spain,72.0,72.0,0.0,unique normalized name + nationality exact,"first 100 deterministic SHA256-sorted unique name+nationality joins for lbenz vs Mzafram; spot-check only, not prevalence"
2010,2010,Mzafram SoFIFA,lbenz FIFAIndex,108784,108784,Wim De Decker,Wim De Decker,belgium,66.0,64.0,-2.0,unique normalized name + nationality exact,"first 100 deterministic SHA256-sorted unique name+nationality joins for lbenz vs Mzafram; spot-check only, not prevalence"
2010,2010,Mzafram SoFIFA,lbenz FIFAIndex,112496,112496,Matabuena,Matabuena,spain,72.0,72.0,0.0,unique normalized name + nationality exact,"first 100 deterministic SHA256-sorted unique name+nationality joins for lbenz vs Mzafram; spot-check only, not prevalence"
2010,2010,Mzafram SoFIFA,lbenz FIFAIndex,122072,122072,Ahmet Cebe,Ahmet Cebe,germany,61.0,61.0,0.0,unique normalized name + nationality exact,"first 100 deterministic SHA256-sorted unique name+nationality joins for lbenz vs Mzafram; spot-check only, not prevalence"
2010,2010,Mzafram SoFIFA,lbenz FIFAIndex,165169,165169,Bobby Boswell,Bobby Boswell,unitedstates,68.0,68.0,0.0,unique normalized name + nationality exact,"first 100 deterministic SHA256-sorted unique name+nationality joins for lbenz vs Mzafram; spot-check only, not prevalence"
2010,2010,Mzafram SoFIFA,lbenz FIFAIndex,15390,15390,Michał Żewłakow,Michał Żewłakow,poland,73.0,71.0,-2.0,unique normalized name + nationality exact,"first 100 deterministic SHA256-sorted unique name+nationality joins for lbenz vs Mzafram; spot-check only, not prevalence"
2010,2010,Mzafram SoFIFA,lbenz FIFAIndex,1704,1704,Didier Domi,Didier Domi,france,71.0,71.0,0.0,unique normalized name + nationality exact,"first 100 deterministic SHA256-sorted unique name+nationality joins for lbenz vs Mzafram; spot-check only, not prevalence"
2010,2010,Mzafram SoFIFA,lbenz FIFAIndex,169422,169422,André Bahia,André Bahia,brazil,73.0,71.0,-2.0,unique normalized name + nationality exact,"first 100 deterministic SHA256-sorted unique name+nationality joins for lbenz vs Mzafram; spot-check only, not prevalence"
2010,2010,Mzafram SoFIFA,lbenz FIFAIndex,188287,188287,Pape Abdoulaye Coulibaly,Pape Abdoulaye Coulibaly,senegal,61.0,61.0,0.0,unique normalized name + nationality exact,"first 100 deterministic SHA256-sorted unique name+nationality joins for lbenz vs Mzafram; spot-check only, not prevalence"
2010,2010,Mzafram SoFIFA,lbenz FIFAIndex,194163,194163,Jukka Raitala,Jukka Raitala,finland,61.0,61.0,0.0,unique normalized name + nationality exact,"first 100 deterministic SHA256-sorted unique name+nationality joins for lbenz vs Mzafram; spot-check only, not prevalence"
2010,2010,Mzafram SoFIFA,lbenz FIFAIndex,186645,186645,Sean Franklin,Sean Franklin,unitedstates,64.0,63.0,-1.0,unique normalized name + nationality exact,"first 100 deterministic SHA256-sorted unique name+nationality joins for lbenz vs Mzafram; spot-check only, not prevalence"
2010,2010,Mzafram SoFIFA,lbenz FIFAIndex,178365,178365,Hassane Alla,Hassane Alla,morocco,66.0,64.0,-2.0,unique normalized name + nationality exact,"first 100 deterministic SHA256-sorted unique name+nationality joins for lbenz vs Mzafram; spot-check only, not prevalence"
2010,2010,Mzafram SoFIFA,lbenz FIFAIndex,164853,164853,Adam Federici,Adam Federici,australia,68.0,70.0,2.0,unique normalized name + nationality exact,"first 100 deterministic SHA256-sorted unique name+nationality joins for lbenz vs Mzafram; spot-check only, not prevalence"
2010,2010,Mzafram SoFIFA,lbenz FIFAIndex,182733,182733,Marcelo Oliveira,Marcelo Oliveira,brazil,69.0,68.0,-1.0,unique normalized name + nationality exact,"first 100 deterministic SHA256-sorted unique name+nationality joins for lbenz vs Mzafram; spot-check only, not prevalence"
2010,2010,Mzafram SoFIFA,lbenz FIFAIndex,161327,161327,Vladimir Kuzmichev,Vladimir Kuzmichev,russia,61.0,60.0,-1.0,unique normalized name + nationality exact,"first 100 deterministic SHA256-sorted unique name+nationality joins for lbenz vs Mzafram; spot-check only, not prevalence"
2010,2010,Mzafram SoFIFA,lbenz FIFAIndex,14907,14907,Albano Bizzarri,Albano Bizzarri,argentina,74.0,80.0,6.0,unique normalized name + nationality exact,"first 100 deterministic SHA256-sorted unique name+nationality joins for lbenz vs Mzafram; spot-check only, not prevalence"
2010,2010,Mzafram SoFIFA,lbenz FIFAIndex,139016,139016,Israel Castro,Israel Castro,mexico,74.0,74.0,0.0,unique normalized name + nationality exact,"first 100 deterministic SHA256-sorted unique name+nationality joins for lbenz vs Mzafram; spot-check only, not prevalence"
2010,2010,Mzafram SoFIFA,lbenz FIFAIndex,10777,10777,Claudio López,Claudio López,argentina,70.0,70.0,0.0,unique normalized name + nationality exact,"first 100 deterministic SHA256-sorted unique name+nationality joins for lbenz vs Mzafram; spot-check only, not prevalence"
2010,2010,Mzafram SoFIFA,lbenz FIFAIndex,149235,149235,Fabio Bilica,Fabio Bilica,brazil,75.0,75.0,0.0,unique normalized name + nationality exact,"first 100 deterministic SHA256-sorted unique name+nationality joins for lbenz vs Mzafram; spot-check only, not prevalence"
2010,2010,Mzafram SoFIFA,lbenz FIFAIndex,149570,149570,Marcos Ariel De Paula,Marcos Ariel De Paula,brazil,64.0,64.0,0.0,unique normalized name + nationality exact,"first 100 deterministic SHA256-sorted unique name+nationality joins for lbenz vs Mzafram; spot-check only, not prevalence"
2010,2010,Mzafram SoFIFA,lbenz FIFAIndex,164233,164233,Paulo André,Paulo André,brazil,69.0,69.0,0.0,unique normalized name + nationality exact,"first 100 deterministic SHA256-sorted unique name+nationality joins for lbenz vs Mzafram; spot-check only, not prevalence"
2010,2010,Mzafram SoFIFA,lbenz FIFAIndex,5879,5879,Alberto Gilardino,Alberto Gilardino,italy,84.0,84.0,0.0,unique normalized name + nationality exact,"first 100 deterministic SHA256-sorted unique name+nationality joins for lbenz vs Mzafram; spot-check only, not prevalence"
2010,2010,Mzafram SoFIFA,lbenz FIFAIndex,181459,181459,Vassilis Torosidis,Vassilis Torosidis,greece,79.0,76.0,-3.0,unique normalized name + nationality exact,"first 100 deterministic SHA256-sorted unique name+nationality joins for lbenz vs Mzafram; spot-check only, not prevalence"
2010,2010,Mzafram SoFIFA,lbenz FIFAIndex,146743,146743,Raúl Bravo,Raúl Bravo,spain,74.0,73.0,-1.0,unique normalized name + nationality exact,"first 100 deterministic SHA256-sorted unique name+nationality joins for lbenz vs Mzafram; spot-check only, not prevalence"
2010,2010,Mzafram SoFIFA,lbenz FIFAIndex,137734,137734,Francesco Benussi,Francesco Benussi,italy,69.0,69.0,0.0,unique normalized name + nationality exact,"first 100 deterministic SHA256-sorted unique name+nationality joins for lbenz vs Mzafram; spot-check only, not prevalence"
2010,2010,Mzafram SoFIFA,lbenz FIFAIndex,52512,52512,Thomas Rasmussen,Thomas Rasmussen,denmark,65.0,69.0,4.0,unique normalized name + nationality exact,"first 100 deterministic SHA256-sorted unique name+nationality joins for lbenz vs Mzafram; spot-check only, not prevalence"
2010,2010,Mzafram SoFIFA,lbenz FIFAIndex,53757,53757,Linvoy Primus,Linvoy Primus,england,70.0,70.0,0.0,unique normalized name + nationality exact,"first 100 deterministic SHA256-sorted unique name+nationality joins for lbenz vs Mzafram; spot-check only, not prevalence"
2010,2010,Mzafram SoFIFA,lbenz FIFAIndex,177106,177106,Chinedu Ede,Chinedu Ede,germany,64.0,65.0,1.0,unique normalized name + nationality exact,"first 100 deterministic SHA256-sorted unique name+nationality joins for lbenz vs Mzafram; spot-check only, not prevalence"
2010,2010,Mzafram SoFIFA,lbenz FIFAIndex,172207,172207,David Edgar,David Edgar,canada,67.0,67.0,0.0,unique normalized name + nationality exact,"first 100 deterministic SHA256-sorted unique name+nationality joins for lbenz vs Mzafram; spot-check only, not prevalence"
2010,2010,Mzafram SoFIFA,lbenz FIFAIndex,189165,189165,Jonjo Shelvey,Jonjo Shelvey,england,67.0,66.0,-1.0,unique normalized name + nationality exact,"first 100 deterministic SHA256-sorted unique name+nationality joins for lbenz vs Mzafram; spot-check only, not prevalence"
2010,2010,Mzafram SoFIFA,lbenz FIFAIndex,184988,184988,Abalo,Abalo,spain,63.0,63.0,0.0,unique normalized name + nationality exact,"first 100 deterministic SHA256-sorted unique name+nationality joins for lbenz vs Mzafram; spot-check only, not prevalence"
2010,2010,Mzafram SoFIFA,lbenz FIFAIndex,7870,7870,Rogier Molhoek,Rogier Molhoek,netherlands,67.0,67.0,0.0,unique normalized name + nationality exact,"first 100 deterministic SHA256-sorted unique name+nationality joins for lbenz vs Mzafram; spot-check only, not prevalence"
2010,2010,Mzafram SoFIFA,lbenz FIFAIndex,192205,192205,Rene Krhin,Rene Krhin,slovenia,67.0,65.0,-2.0,unique normalized name + nationality exact,"first 100 deterministic SHA256-sorted unique name+nationality joins for lbenz vs Mzafram; spot-check only, not prevalence"
2010,2010,Mzafram SoFIFA,lbenz FIFAIndex,190641,190641,Juha Hakola,Juha Hakola,finland,66.0,66.0,0.0,unique normalized name + nationality exact,"first 100 deterministic SHA256-sorted unique name+nationality joins for lbenz vs Mzafram; spot-check only, not prevalence"
2010,2010,Mzafram SoFIFA,lbenz FIFAIndex,155408,155408,Marcel Schäfer,Marcel Schäfer,germany,76.0,77.0,1.0,unique normalized name + nationality exact,"first 100 deterministic SHA256-sorted unique name+nationality joins for lbenz vs Mzafram; spot-check only, not prevalence"
2010,2010,Mzafram SoFIFA,lbenz FIFAIndex,52489,52489,Tor Hogne Aarøy,Tor Hogne Aarøy,norway,65.0,65.0,0.0,unique normalized name + nationality exact,"first 100 deterministic SHA256-sorted unique name+nationality joins for lbenz vs Mzafram; spot-check only, not prevalence"
2010,2010,Mzafram SoFIFA,lbenz FIFAIndex,170449,170449,Mathieu Scarpelli,Mathieu Scarpelli,france,66.0,66.0,0.0,unique normalized name + nationality exact,"first 100 deterministic SHA256-sorted unique name+nationality joins for lbenz vs Mzafram; spot-check only, not prevalence"
2010,2010,Mzafram SoFIFA,lbenz FIFAIndex,159080,159080,Craig Bryson,Craig Bryson,scotland,63.0,66.0,3.0,unique normalized name + nationality exact,"first 100 deterministic SHA256-sorted unique name+nationality joins for lbenz vs Mzafram; spot-check only, not prevalence"
2010,2010,Mzafram SoFIFA,lbenz FIFAIndex,164442,164442,Mamadou Alimou Diallo,Mamadou Alimou Diallo,guinea,67.0,67.0,0.0,unique normalized name + nationality exact,"first 100 deterministic SHA256-sorted unique name+nationality joins for lbenz vs Mzafram; spot-check only, not prevalence"
2015,2015,Mzafram SoFIFA,lbenz FIFAIndex,178283,178283,Ruud Boffin,Ruud Boffin,belgium,70.0,70.0,0.0,unique normalized name + nationality exact,"first 100 deterministic SHA256-sorted unique name+nationality joins for lbenz vs Mzafram; spot-check only, not prevalence"
2015,2015,Mzafram SoFIFA,lbenz FIFAIndex,184392,184392,Matteo Darmian,Matteo Darmian,italy,74.0,74.0,0.0,unique normalized name + nationality exact,"first 100 deterministic SHA256-sorted unique name+nationality joins for lbenz vs Mzafram; spot-check only, not prevalence"
2015,2015,Mzafram SoFIFA,lbenz FIFAIndex,191226,191226,Daniel Schulz,Daniel Schulz,germany,63.0,63.0,0.0,unique normalized name + nationality exact,"first 100 deterministic SHA256-sorted unique name+nationality joins for lbenz vs Mzafram; spot-check only, not prevalence"
2015,2015,Mzafram SoFIFA,lbenz FIFAIndex,183258,183258,Pablo Álvarez,Pablo Álvarez,uruguay,64.0,64.0,0.0,unique normalized name + nationality exact,"first 100 deterministic SHA256-sorted unique name+nationality joins for lbenz vs Mzafram; spot-check only, not prevalence"
2015,2015,Mzafram SoFIFA,lbenz FIFAIndex,112595,112595,Rafael Olarra,Rafael Olarra,chile,68.0,68.0,0.0,unique normalized name + nationality exact,"first 100 deterministic SHA256-sorted unique name+nationality joins for lbenz vs Mzafram; spot-check only, not prevalence"
2015,2015,Mzafram SoFIFA,lbenz FIFAIndex,198497,198497,Mark Connolly,Mark Connolly,republicofireland,62.0,62.0,0.0,unique normalized name + nationality exact,"first 100 deterministic SHA256-sorted unique name+nationality joins for lbenz vs Mzafram; spot-check only, not prevalence"
2015,2015,Mzafram SoFIFA,lbenz FIFAIndex,214687,214687,Francisco Castro,Francisco Castro,chile,64.0,64.0,0.0,unique normalized name + nationality exact,"first 100 deterministic SHA256-sorted unique name+nationality joins for lbenz vs Mzafram; spot-check only, not prevalence"
2015,2015,Mzafram SoFIFA,lbenz FIFAIndex,213839,213839,Baptiste Guillaume,Baptiste Guillaume,belgium,63.0,63.0,0.0,unique normalized name + nationality exact,"first 100 deterministic SHA256-sorted unique name+nationality joins for lbenz vs Mzafram; spot-check only, not prevalence"
2015,2015,Mzafram SoFIFA,lbenz FIFAIndex,208418,208418,Yannick Ferreira Carrasco,Yannick Ferreira Carrasco,belgium,78.0,78.0,0.0,unique normalized name + nationality exact,"first 100 deterministic SHA256-sorted unique name+nationality joins for lbenz vs Mzafram; spot-check only, not prevalence"
2015,2015,Mzafram SoFIFA,lbenz FIFAIndex,189003,189003,Gaëtan Belaud,Gaëtan Belaud,france,66.0,66.0,0.0,unique normalized name + nationality exact,"first 100 deterministic SHA256-sorted unique name+nationality joins for lbenz vs Mzafram; spot-check only, not prevalence"
2015,2015,Mzafram SoFIFA,lbenz FIFAIndex,215097,215097,Axel Maraval,Axel Maraval,france,63.0,63.0,0.0,unique normalized name + nationality exact,"first 100 deterministic SHA256-sorted unique name+nationality joins for lbenz vs Mzafram; spot-check only, not prevalence"
2015,2015,Mzafram SoFIFA,lbenz FIFAIndex,224230,224230,Alejandro Díaz,Alejandro Díaz,mexico,62.0,62.0,0.0,unique normalized name + nationality exact,"first 100 deterministic SHA256-sorted unique name+nationality joins for lbenz vs Mzafram; spot-check only, not prevalence"
2015,2015,Mzafram SoFIFA,lbenz FIFAIndex,167437,167437,Dominik Stroh-Engel,Dominik Stroh-Engel,germany,68.0,68.0,0.0,unique normalized name + nationality exact,"first 100 deterministic SHA256-sorted unique name+nationality joins for lbenz vs Mzafram; spot-check only, not prevalence"
2015,2015,Mzafram SoFIFA,lbenz FIFAIndex,168326,168326,Salvatore Bocchetti,Salvatore Bocchetti,italy,74.0,74.0,0.0,unique normalized name + nationality exact,"first 100 deterministic SHA256-sorted unique name+nationality joins for lbenz vs Mzafram; spot-check only, not prevalence"
2015,2015,Mzafram SoFIFA,lbenz FIFAIndex,152507,152507,George Elokobi,George Elokobi,cameroon,70.0,70.0,0.0,unique normalized name + nationality exact,"first 100 deterministic SHA256-sorted unique name+nationality joins for lbenz vs Mzafram; spot-check only, not prevalence"
2015,2015,Mzafram SoFIFA,lbenz FIFAIndex,192554,192554,Mohammed Abubakari,Mohammed Abubakari,ghana,65.0,65.0,0.0,unique normalized name + nationality exact,"first 100 deterministic SHA256-sorted unique name+nationality joins for lbenz vs Mzafram; spot-check only, not prevalence"
2015,2015,Mzafram SoFIFA,lbenz FIFAIndex,219779,219779,Ebenezer Assifuah,Ebenezer Assifuah,ghana,65.0,65.0,0.0,unique normalized name + nationality exact,"first 100 deterministic SHA256-sorted unique name+nationality joins for lbenz vs Mzafram; spot-check only, not prevalence"
2015,2015,Mzafram SoFIFA,lbenz FIFAIndex,178014,178014,Nicola Madonna,Nicola Madonna,italy,62.0,62.0,0.0,unique normalized name + nationality exact,"first 100 deterministic SHA256-sorted unique name+nationality joins for lbenz vs Mzafram; spot-check only, not prevalence"
2015,2015,Mzafram SoFIFA,lbenz FIFAIndex,162280,162280,Adrian Mierzejewski,Adrian Mierzejewski,poland,75.0,75.0,0.0,unique normalized name + nationality exact,"first 100 deterministic SHA256-sorted unique name+nationality joins for lbenz vs Mzafram; spot-check only, not prevalence"
2015,2015,Mzafram SoFIFA,lbenz FIFAIndex,223623,223623,Alex Kakuba,Alex Kakuba,uganda,61.0,61.0,0.0,unique normalized name + nationality exact,"first 100 deterministic SHA256-sorted unique name+nationality joins for lbenz vs Mzafram; spot-check only, not prevalence"
2015,2015,Mzafram SoFIFA,lbenz FIFAIndex,204360,204360,Conor Newton,Conor Newton,england,63.0,63.0,0.0,unique normalized name + nationality exact,"first 100 deterministic SHA256-sorted unique name+nationality joins for lbenz vs Mzafram; spot-check only, not prevalence"
2015,2015,Mzafram SoFIFA,lbenz FIFAIndex,205663,205663,Massimiliano Busellato,Massimiliano Busellato,italy,63.0,63.0,0.0,unique normalized name + nationality exact,"first 100 deterministic SHA256-sorted unique name+nationality joins for lbenz vs Mzafram; spot-check only, not prevalence"
2015,2015,Mzafram SoFIFA,lbenz FIFAIndex,173546,173546,James Tomkins,James Tomkins,england,73.0,73.0,0.0,unique normalized name + nationality exact,"first 100 deterministic SHA256-sorted unique name+nationality joins for lbenz vs Mzafram; spot-check only, not prevalence"
2015,2015,Mzafram SoFIFA,lbenz FIFAIndex,197948,197948,Florian Lejeune,Florian Lejeune,france,66.0,66.0,0.0,unique normalized name + nationality exact,"first 100 deterministic SHA256-sorted unique name+nationality joins for lbenz vs Mzafram; spot-check only, not prevalence"
2015,2015,Mzafram SoFIFA,lbenz FIFAIndex,226605,226605,Héctor Icart,Héctor Icart,uruguay,61.0,61.0,0.0,unique normalized name + nationality exact,"first 100 deterministic SHA256-sorted unique name+nationality joins for lbenz vs Mzafram; spot-check only, not prevalence"
2015,2015,Mzafram SoFIFA,lbenz FIFAIndex,169584,169584,Gary Coulibaly,Gary Coulibaly,france,64.0,64.0,0.0,unique normalized name + nationality exact,"first 100 deterministic SHA256-sorted unique name+nationality joins for lbenz vs Mzafram; spot-check only, not prevalence"
2015,2015,Mzafram SoFIFA,lbenz FIFAIndex,185109,185109,Maciej Sadlok,Maciej Sadlok,poland,64.0,64.0,0.0,unique normalized name + nationality exact,"first 100 deterministic SHA256-sorted unique name+nationality joins for lbenz vs Mzafram; spot-check only, not prevalence"
2015,2015,Mzafram SoFIFA,lbenz FIFAIndex,225277,225277,Carlos De Giorgi,Carlos De Giorgi,argentina,63.0,63.0,0.0,unique normalized name + nationality exact,"first 100 deterministic SHA256-sorted unique name+nationality joins for lbenz vs Mzafram; spot-check only, not prevalence"
2015,2015,Mzafram SoFIFA,lbenz FIFAIndex,207664,207664,Carlos Bacca,Carlos Bacca,colombia,81.0,81.0,0.0,unique normalized name + nationality exact,"first 100 deterministic SHA256-sorted unique name+nationality joins for lbenz vs Mzafram; spot-check only, not prevalence"
2015,2015,Mzafram SoFIFA,lbenz FIFAIndex,5208,5208,Rudy Riou,Rudy Riou,france,70.0,70.0,0.0,unique normalized name + nationality exact,"first 100 deterministic SHA256-sorted unique name+nationality joins for lbenz vs Mzafram; spot-check only, not prevalence"
2015,2015,Mzafram SoFIFA,lbenz FIFAIndex,162414,162414,Sebastian Penco,Sebastian Penco,argentina,67.0,67.0,0.0,unique normalized name + nationality exact,"first 100 deterministic SHA256-sorted unique name+nationality joins for lbenz vs Mzafram; spot-check only, not prevalence"
2015,2015,Mzafram SoFIFA,lbenz FIFAIndex,186172,186172,Gavin Gunning,Gavin Gunning,republicofireland,62.0,62.0,0.0,unique normalized name + nationality exact,"first 100 deterministic SHA256-sorted unique name+nationality joins for lbenz vs Mzafram; spot-check only, not prevalence"
2015,2015,Mzafram SoFIFA,lbenz FIFAIndex,206218,206218,Paul Nardi,Paul Nardi,france,70.0,70.0,0.0,unique normalized name + nationality exact,"first 100 deterministic SHA256-sorted unique name+nationality joins for lbenz vs Mzafram; spot-check only, not prevalence"
2015,2015,Mzafram SoFIFA,lbenz FIFAIndex,177326,177326,Mathieu Valbuena,Mathieu Valbuena,france,81.0,81.0,0.0,unique normalized name + nationality exact,"first 100 deterministic SHA256-sorted unique name+nationality joins for lbenz vs Mzafram; spot-check only, not prevalence"
2015,2015,Mzafram SoFIFA,lbenz FIFAIndex,209981,209981,Yassine Bounou,Yassine Bounou,morocco,66.0,66.0,0.0,unique normalized name + nationality exact,"first 100 deterministic SHA256-sorted unique name+nationality joins for lbenz vs Mzafram; spot-check only, not prevalence"
2015,2015,Mzafram SoFIFA,lbenz FIFAIndex,137241,137241,Houssine Kharja,Houssine Kharja,morocco,69.0,69.0,0.0,unique normalized name + nationality exact,"first 100 deterministic SHA256-sorted unique name+nationality joins for lbenz vs Mzafram; spot-check only, not prevalence"
2015,2015,Mzafram SoFIFA,lbenz FIFAIndex,194792,194792,Luke Hyam,Luke Hyam,england,66.0,66.0,0.0,unique normalized name + nationality exact,"first 100 deterministic SHA256-sorted unique name+nationality joins for lbenz vs Mzafram; spot-check only, not prevalence"
2015,2015,Mzafram SoFIFA,lbenz FIFAIndex,177598,177598,Sascha Traut,Sascha Traut,germany,66.0,66.0,0.0,unique normalized name + nationality exact,"first 100 deterministic SHA256-sorted unique name+nationality joins for lbenz vs Mzafram; spot-check only, not prevalence"
2015,2015,Mzafram SoFIFA,lbenz FIFAIndex,215201,215201,Leandro Leguizamón,Leandro Leguizamón,argentina,64.0,64.0,0.0,unique normalized name + nationality exact,"first 100 deterministic SHA256-sorted unique name+nationality joins for lbenz vs Mzafram; spot-check only, not prevalence"
2015,2015,Mzafram SoFIFA,lbenz FIFAIndex,192567,192567,Matthias Zimmermann,Matthias Zimmermann,germany,66.0,66.0,0.0,unique normalized name + nationality exact,"first 100 deterministic SHA256-sorted unique name+nationality joins for lbenz vs Mzafram; spot-check only, not prevalence"
2015,2015,Mzafram SoFIFA,lbenz FIFAIndex,147621,147621,Alexandr Samedov,Alexandr Samedov,russia,78.0,78.0,0.0,unique normalized name + nationality exact,"first 100 deterministic SHA256-sorted unique name+nationality joins for lbenz vs Mzafram; spot-check only, not prevalence"
2015,2015,Mzafram SoFIFA,lbenz FIFAIndex,45763,45763,Christian Poulsen,Christian Poulsen,denmark,72.0,72.0,0.0,unique normalized name + nationality exact,"first 100 deterministic SHA256-sorted unique name+nationality joins for lbenz vs Mzafram; spot-check only, not prevalence"
2015,2015,Mzafram SoFIFA,lbenz FIFAIndex,186634,186634,Nicolás Peric,Nicolás Peric,chile,69.0,69.0,0.0,unique normalized name + nationality exact,"first 100 deterministic SHA256-sorted unique name+nationality joins for lbenz vs Mzafram; spot-check only, not prevalence"
2015,2015,Mzafram SoFIFA,lbenz FIFAIndex,189721,189721,Arnór Smárason,Arnór Smárason,iceland,63.0,63.0,0.0,unique normalized name + nationality exact,"first 100 deterministic SHA256-sorted unique name+nationality joins for lbenz vs Mzafram; spot-check only, not prevalence"
2015,2015,Mzafram SoFIFA,lbenz FIFAIndex,185405,185405,Dušan Kuciak,Dušan Kuciak,slovakia,71.0,71.0,0.0,unique normalized name + nationality exact,"first 100 deterministic SHA256-sorted unique name+nationality joins for lbenz vs Mzafram; spot-check only, not prevalence"
2015,2015,Mzafram SoFIFA,lbenz FIFAIndex,184584,184584,Matthew Briggs,Matthew Briggs,guyana,62.0,62.0,0.0,unique normalized name + nationality exact,"first 100 deterministic SHA256-sorted unique name+nationality joins for lbenz vs Mzafram; spot-check only, not prevalence"
2015,2015,Mzafram SoFIFA,lbenz FIFAIndex,209992,209992,André Fomitschow,André Fomitschow,germany,63.0,63.0,0.0,unique normalized name + nationality exact,"first 100 deterministic SHA256-sorted unique name+nationality joins for lbenz vs Mzafram; spot-check only, not prevalence"
2015,2015,Mzafram SoFIFA,lbenz FIFAIndex,9764,9764,Youssouf Hersi,Youssouf Hersi,netherlands,64.0,64.0,0.0,unique normalized name + nationality exact,"first 100 deterministic SHA256-sorted unique name+nationality joins for lbenz vs Mzafram; spot-check only, not prevalence"
2015,2015,Mzafram SoFIFA,lbenz FIFAIndex,215476,215476,Filip Kasalica,Filip Kasalica,montenegro,62.0,62.0,0.0,unique normalized name + nationality exact,"first 100 deterministic SHA256-sorted unique name+nationality joins for lbenz vs Mzafram; spot-check only, not prevalence"
2015,2015,Mzafram SoFIFA,lbenz FIFAIndex,214295,214295,César Fawcett,César Fawcett,colombia,66.0,66.0,0.0,unique normalized name + nationality exact,"first 100 deterministic SHA256-sorted unique name+nationality joins for lbenz vs Mzafram; spot-check only, not prevalence"
2015,2015,Mzafram SoFIFA,lbenz FIFAIndex,179960,179960,Ben Sahar,Ben Sahar,israel,69.0,69.0,0.0,unique normalized name + nationality exact,"first 100 deterministic SHA256-sorted unique name+nationality joins for lbenz vs Mzafram; spot-check only, not prevalence"
2015,2015,Mzafram SoFIFA,lbenz FIFAIndex,177475,177475,Tobias Sippel,Tobias Sippel,germany,71.0,71.0,0.0,unique normalized name + nationality exact,"first 100 deterministic SHA256-sorted unique name+nationality joins for lbenz vs Mzafram; spot-check only, not prevalence"
2015,2015,Mzafram SoFIFA,lbenz FIFAIndex,183430,183430,Sreten Sretenović,Sreten Sretenović,serbia,63.0,63.0,0.0,unique normalized name + nationality exact,"first 100 deterministic SHA256-sorted unique name+nationality joins for lbenz vs Mzafram; spot-check only, not prevalence"
2015,2015,Mzafram SoFIFA,lbenz FIFAIndex,214459,214459,César Valenzuela,César Valenzuela,chile,66.0,66.0,0.0,unique normalized name + nationality exact,"first 100 deterministic SHA256-sorted unique name+nationality joins for lbenz vs Mzafram; spot-check only, not prevalence"
2015,2015,Mzafram SoFIFA,lbenz FIFAIndex,204196,204196,Benjamin Boulenger,Benjamin Boulenger,france,64.0,64.0,0.0,unique normalized name + nationality exact,"first 100 deterministic SHA256-sorted unique name+nationality joins for lbenz vs Mzafram; spot-check only, not prevalence"
2015,2015,Mzafram SoFIFA,lbenz FIFAIndex,209053,209053,Fahad Al Thunayyan,Fahad Al Thunayyan,saudiarabia,64.0,64.0,0.0,unique normalized name + nationality exact,"first 100 deterministic SHA256-sorted unique name+nationality joins for lbenz vs Mzafram; spot-check only, not prevalence"
2015,2015,Mzafram SoFIFA,lbenz FIFAIndex,205565,205565,Dave Bulthuis,Dave Bulthuis,netherlands,66.0,66.0,0.0,unique normalized name + nationality exact,"first 100 deterministic SHA256-sorted unique name+nationality joins for lbenz vs Mzafram; spot-check only, not prevalence"
2015,2015,Mzafram SoFIFA,lbenz FIFAIndex,214286,214286,Diego Amaya,Diego Amaya,colombia,65.0,65.0,0.0,unique normalized name + nationality exact,"first 100 deterministic SHA256-sorted unique name+nationality joins for lbenz vs Mzafram; spot-check only, not prevalence"
2015,2015,Mzafram SoFIFA,lbenz FIFAIndex,220968,220968,Ahmed El Messaoudi,Ahmed El Messaoudi,morocco,64.0,64.0,0.0,unique normalized name + nationality exact,"first 100 deterministic SHA256-sorted unique name+nationality joins for lbenz vs Mzafram; spot-check only, not prevalence"
2015,2015,Mzafram SoFIFA,lbenz FIFAIndex,223242,223242,Juan Tejera,Juan Tejera,uruguay,65.0,65.0,0.0,unique normalized name + nationality exact,"first 100 deterministic SHA256-sorted unique name+nationality joins for lbenz vs Mzafram; spot-check only, not prevalence"
2015,2015,Mzafram SoFIFA,lbenz FIFAIndex,210463,210463,Darwin Machís,Darwin Machís,venezuela,63.0,63.0,0.0,unique normalized name + nationality exact,"first 100 deterministic SHA256-sorted unique name+nationality joins for lbenz vs Mzafram; spot-check only, not prevalence"
2015,2015,Mzafram SoFIFA,lbenz FIFAIndex,216352,216352,Marcelo Brozović,Marcelo Brozović,croatia,70.0,70.0,0.0,unique normalized name + nationality exact,"first 100 deterministic SHA256-sorted unique name+nationality joins for lbenz vs Mzafram; spot-check only, not prevalence"
2015,2015,Mzafram SoFIFA,lbenz FIFAIndex,165169,165169,Bobby Boswell,Bobby Boswell,unitedstates,67.0,67.0,0.0,unique normalized name + nationality exact,"first 100 deterministic SHA256-sorted unique name+nationality joins for lbenz vs Mzafram; spot-check only, not prevalence"
2015,2015,Mzafram SoFIFA,lbenz FIFAIndex,194163,194163,Jukka Raitala,Jukka Raitala,finland,64.0,64.0,0.0,unique normalized name + nationality exact,"first 100 deterministic SHA256-sorted unique name+nationality joins for lbenz vs Mzafram; spot-check only, not prevalence"
2015,2015,Mzafram SoFIFA,lbenz FIFAIndex,186645,186645,Sean Franklin,Sean Franklin,unitedstates,68.0,68.0,0.0,unique normalized name + nationality exact,"first 100 deterministic SHA256-sorted unique name+nationality joins for lbenz vs Mzafram; spot-check only, not prevalence"
2015,2015,Mzafram SoFIFA,lbenz FIFAIndex,212938,212938,Brede Mathias Moe,Brede Mathias Moe,norway,63.0,63.0,0.0,unique normalized name + nationality exact,"first 100 deterministic SHA256-sorted unique name+nationality joins for lbenz vs Mzafram; spot-check only, not prevalence"
2015,2015,Mzafram SoFIFA,lbenz FIFAIndex,178365,178365,Hassane Alla,Hassane Alla,morocco,67.0,67.0,0.0,unique normalized name + nationality exact,"first 100 deterministic SHA256-sorted unique name+nationality joins for lbenz vs Mzafram; spot-check only, not prevalence"
2015,2015,Mzafram SoFIFA,lbenz FIFAIndex,190004,190004,Marco Mathys,Marco Mathys,switzerland,64.0,64.0,0.0,unique normalized name + nationality exact,"first 100 deterministic SHA256-sorted unique name+nationality joins for lbenz vs Mzafram; spot-check only, not prevalence"
2015,2015,Mzafram SoFIFA,lbenz FIFAIndex,190592,190592,Michael Sollbauer,Michael Sollbauer,austria,65.0,65.0,0.0,unique normalized name + nationality exact,"first 100 deterministic SHA256-sorted unique name+nationality joins for lbenz vs Mzafram; spot-check only, not prevalence"
2015,2015,Mzafram SoFIFA,lbenz FIFAIndex,223759,223759,Vladlen Yurchenko,Vladlen Yurchenko,ukraine,61.0,61.0,0.0,unique normalized name + nationality exact,"first 100 deterministic SHA256-sorted unique name+nationality joins for lbenz vs Mzafram; spot-check only, not prevalence"
2015,2015,Mzafram SoFIFA,lbenz FIFAIndex,205073,205073,Filip Kiss,Filip Kiss,slovakia,63.0,63.0,0.0,unique normalized name + nationality exact,"first 100 deterministic SHA256-sorted unique name+nationality joins for lbenz vs Mzafram; spot-check only, not prevalence"
2015,2015,Mzafram SoFIFA,lbenz FIFAIndex,164853,164853,Adam Federici,Adam Federici,australia,72.0,72.0,0.0,unique normalized name + nationality exact,"first 100 deterministic SHA256-sorted unique name+nationality joins for lbenz vs Mzafram; spot-check only, not prevalence"
2015,2015,Mzafram SoFIFA,lbenz FIFAIndex,14907,14907,Albano Bizzarri,Albano Bizzarri,argentina,72.0,72.0,0.0,unique normalized name + nationality exact,"first 100 deterministic SHA256-sorted unique name+nationality joins for lbenz vs Mzafram; spot-check only, not prevalence"
2015,2015,Mzafram SoFIFA,lbenz FIFAIndex,199224,199224,Alexandr Kozlov,Alexandr Kozlov,russia,62.0,62.0,0.0,unique normalized name + nationality exact,"first 100 deterministic SHA256-sorted unique name+nationality joins for lbenz vs Mzafram; spot-check only, not prevalence"
2015,2015,Mzafram SoFIFA,lbenz FIFAIndex,139016,139016,Israel Castro,Israel Castro,mexico,68.0,68.0,0.0,unique normalized name + nationality exact,"first 100 deterministic SHA256-sorted unique name+nationality joins for lbenz vs Mzafram; spot-check only, not prevalence"
2015,2015,Mzafram SoFIFA,lbenz FIFAIndex,220131,220131,Mbaye Diagne,Mbaye Diagne,senegal,62.0,62.0,0.0,unique normalized name + nationality exact,"first 100 deterministic SHA256-sorted unique name+nationality joins for lbenz vs Mzafram; spot-check only, not prevalence"
2015,2015,Mzafram SoFIFA,lbenz FIFAIndex,181459,181459,Vassilis Torosidis,Vassilis Torosidis,greece,74.0,74.0,0.0,unique normalized name + nationality exact,"first 100 deterministic SHA256-sorted unique name+nationality joins for lbenz vs Mzafram; spot-check only, not prevalence"
2015,2015,Mzafram SoFIFA,lbenz FIFAIndex,142962,142962,Enrique Bologna,Enrique Bologna,argentina,63.0,63.0,0.0,unique normalized name + nationality exact,"first 100 deterministic SHA256-sorted unique name+nationality joins for lbenz vs Mzafram; spot-check only, not prevalence"
2015,2015,Mzafram SoFIFA,lbenz FIFAIndex,137734,137734,Francesco Benussi,Francesco Benussi,italy,70.0,70.0,0.0,unique normalized name + nationality exact,"first 100 deterministic SHA256-sorted unique name+nationality joins for lbenz vs Mzafram; spot-check only, not prevalence"
2015,2015,Mzafram SoFIFA,lbenz FIFAIndex,169423,169423,Sherif Ekramy,Sherif Ekramy,egypt,67.0,67.0,0.0,unique normalized name + nationality exact,"first 100 deterministic SHA256-sorted unique name+nationality joins for lbenz vs Mzafram; spot-check only, not prevalence"
2015,2015,Mzafram SoFIFA,lbenz FIFAIndex,158594,158594,Gastón Turus,Gastón Turus,argentina,63.0,63.0,0.0,unique normalized name + nationality exact,"first 100 deterministic SHA256-sorted unique name+nationality joins for lbenz vs Mzafram; spot-check only, not prevalence"
2015,2015,Mzafram SoFIFA,lbenz FIFAIndex,210697,210697,Christian Nørgaard,Christian Nørgaard,denmark,63.0,63.0,0.0,unique normalized name + nationality exact,"first 100 deterministic SHA256-sorted unique name+nationality joins for lbenz vs Mzafram; spot-check only, not prevalence"
2015,2015,Mzafram SoFIFA,lbenz FIFAIndex,172207,172207,David Edgar,David Edgar,canada,65.0,65.0,0.0,unique normalized name + nationality exact,"first 100 deterministic SHA256-sorted unique name+nationality joins for lbenz vs Mzafram; spot-check only, not prevalence"
2015,2015,Mzafram SoFIFA,lbenz FIFAIndex,210324,210324,Jonas Hofmann,Jonas Hofmann,germany,74.0,74.0,0.0,unique normalized name + nationality exact,"first 100 deterministic SHA256-sorted unique name+nationality joins for lbenz vs Mzafram; spot-check only, not prevalence"
2015,2015,Mzafram SoFIFA,lbenz FIFAIndex,189165,189165,Jonjo Shelvey,Jonjo Shelvey,england,74.0,74.0,0.0,unique normalized name + nationality exact,"first 100 deterministic SHA256-sorted unique name+nationality joins for lbenz vs Mzafram; spot-check only, not prevalence"
2015,2015,Mzafram SoFIFA,lbenz FIFAIndex,198688,198688,Florentin Pogba,Florentin Pogba,guinea,72.0,72.0,0.0,unique normalized name + nationality exact,"first 100 deterministic SHA256-sorted unique name+nationality joins for lbenz vs Mzafram; spot-check only, not prevalence"
2015,2015,Mzafram SoFIFA,lbenz FIFAIndex,192205,192205,Rene Krhin,Rene Krhin,slovenia,70.0,70.0,0.0,unique normalized name + nationality exact,"first 100 deterministic SHA256-sorted unique name+nationality joins for lbenz vs Mzafram; spot-check only, not prevalence"
2015,2015,Mzafram SoFIFA,lbenz FIFAIndex,201539,201539,Markus Mendler,Markus Mendler,germany,62.0,62.0,0.0,unique normalized name + nationality exact,"first 100 deterministic SHA256-sorted unique name+nationality joins for lbenz vs Mzafram; spot-check only, not prevalence"
2015,2015,Mzafram SoFIFA,lbenz FIFAIndex,209757,209757,Vedran Janjetović,Vedran Janjetović,australia,63.0,63.0,0.0,unique normalized name + nationality exact,"first 100 deterministic SHA256-sorted unique name+nationality joins for lbenz vs Mzafram; spot-check only, not prevalence"
2015,2015,Mzafram SoFIFA,lbenz FIFAIndex,159080,159080,Craig Bryson,Craig Bryson,scotland,72.0,72.0,0.0,unique normalized name + nationality exact,"first 100 deterministic SHA256-sorted unique name+nationality joins for lbenz vs Mzafram; spot-check only, not prevalence"
2015,2015,Mzafram SoFIFA,lbenz FIFAIndex,221665,221665,Rasmus Lindkvist,Rasmus Lindkvist,sweden,65.0,65.0,0.0,unique normalized name + nationality exact,"first 100 deterministic SHA256-sorted unique name+nationality joins for lbenz vs Mzafram; spot-check only, not prevalence"
2015,2015,Mzafram SoFIFA,lbenz FIFAIndex,199706,199706,Kévin Perrot,Kévin Perrot,france,62.0,62.0,0.0,unique normalized name + nationality exact,"first 100 deterministic SHA256-sorted unique name+nationality joins for lbenz vs Mzafram; spot-check only, not prevalence"
2015,2015,Mzafram SoFIFA,lbenz FIFAIndex,204193,204193,Tom Trybull,Tom Trybull,germany,64.0,64.0,0.0,unique normalized name + nationality exact,"first 100 deterministic SHA256-sorted unique name+nationality joins for lbenz vs Mzafram; spot-check only, not prevalence"
2015,2015,Mzafram SoFIFA,lbenz FIFAIndex,224444,224444,Haris Belkebla,Haris Belkebla,algeria,62.0,62.0,0.0,unique normalized name + nationality exact,"first 100 deterministic SHA256-sorted unique name+nationality joins for lbenz vs Mzafram; spot-check only, not prevalence"
2015,2015,Mzafram SoFIFA,lbenz FIFAIndex,214321,214321,Gerson Martínez,Gerson Martínez,chile,63.0,63.0,0.0,unique normalized name + nationality exact,"first 100 deterministic SHA256-sorted unique name+nationality joins for lbenz vs Mzafram; spot-check only, not prevalence"
2015,2015,Mzafram SoFIFA,lbenz FIFAIndex,203458,203458,Arlind Ajeti,Arlind Ajeti,albania,64.0,64.0,0.0,unique normalized name + nationality exact,"first 100 deterministic SHA256-sorted unique name+nationality joins for lbenz vs Mzafram; spot-check only, not prevalence"
2015,2015,Mzafram SoFIFA,lbenz FIFAIndex,186529,186529,Tony Beltran,Tony Beltran,unitedstates,65.0,65.0,0.0,unique normalized name + nationality exact,"first 100 deterministic SHA256-sorted unique name+nationality joins for lbenz vs Mzafram; spot-check only, not prevalence"
2015,2015,Mzafram SoFIFA,lbenz FIFAIndex,54050,54050,Wayne Rooney,Wayne Rooney,england,86.0,86.0,0.0,unique normalized name + nationality exact,"first 100 deterministic SHA256-sorted unique name+nationality joins for lbenz vs Mzafram; spot-check only, not prevalence"
2015,2015,Mzafram SoFIFA,lbenz FIFAIndex,200700,200700,Alexander Merkel,Alexander Merkel,kazakhstan,66.0,66.0,0.0,unique normalized name + nationality exact,"first 100 deterministic SHA256-sorted unique name+nationality joins for lbenz vs Mzafram; spot-check only, not prevalence"
2015,2015,Mzafram SoFIFA,lbenz FIFAIndex,156920,156920,Olivier Werner,Olivier Werner,belgium,66.0,66.0,0.0,unique normalized name + nationality exact,"first 100 deterministic SHA256-sorted unique name+nationality joins for lbenz vs Mzafram; spot-check only, not prevalence"
2020,2020,Mzafram SoFIFA,lbenz FIFAIndex,232437,232437,Federico Ricca,Federico Ricca,uruguay,73.0,73.0,0.0,unique normalized name + nationality exact,"first 100 deterministic SHA256-sorted unique name+nationality joins for lbenz vs Mzafram; spot-check only, not prevalence"
2020,2020,Mzafram SoFIFA,lbenz FIFAIndex,178283,178283,Ruud Boffin,Ruud Boffin,belgium,69.0,69.0,0.0,unique normalized name + nationality exact,"first 100 deterministic SHA256-sorted unique name+nationality joins for lbenz vs Mzafram; spot-check only, not prevalence"
2020,2020,Mzafram SoFIFA,lbenz FIFAIndex,184392,184392,Matteo Darmian,Matteo Darmian,italy,75.0,75.0,0.0,unique normalized name + nationality exact,"first 100 deterministic SHA256-sorted unique name+nationality joins for lbenz vs Mzafram; spot-check only, not prevalence"
2020,2020,Mzafram SoFIFA,lbenz FIFAIndex,236247,236247,Herbie Kane,Herbie Kane,england,67.0,67.0,0.0,unique normalized name + nationality exact,"first 100 deterministic SHA256-sorted unique name+nationality joins for lbenz vs Mzafram; spot-check only, not prevalence"
2020,2020,Mzafram SoFIFA,lbenz FIFAIndex,238923,238923,Robin Scheu,Robin Scheu,germany,66.0,66.0,0.0,unique normalized name + nationality exact,"first 100 deterministic SHA256-sorted unique name+nationality joins for lbenz vs Mzafram; spot-check only, not prevalence"
2020,2020,Mzafram SoFIFA,lbenz FIFAIndex,213839,213839,Baptiste Guillaume,Baptiste Guillaume,belgium,69.0,69.0,0.0,unique normalized name + nationality exact,"first 100 deterministic SHA256-sorted unique name+nationality joins for lbenz vs Mzafram; spot-check only, not prevalence"
2020,2020,Mzafram SoFIFA,lbenz FIFAIndex,234774,234774,Konstantinos Laifis,Konstantinos Laifis,cyprus,75.0,75.0,0.0,unique normalized name + nationality exact,"first 100 deterministic SHA256-sorted unique name+nationality joins for lbenz vs Mzafram; spot-check only, not prevalence"
2020,2020,Mzafram SoFIFA,lbenz FIFAIndex,241775,241775,Jawad El Yamiq,Jawad El Yamiq,morocco,74.0,74.0,0.0,unique normalized name + nationality exact,"first 100 deterministic SHA256-sorted unique name+nationality joins for lbenz vs Mzafram; spot-check only, not prevalence"
2020,2020,Mzafram SoFIFA,lbenz FIFAIndex,211166,211166,Jack Whatmough,Jack Whatmough,england,67.0,67.0,0.0,unique normalized name + nationality exact,"first 100 deterministic SHA256-sorted unique name+nationality joins for lbenz vs Mzafram; spot-check only, not prevalence"
2020,2020,Mzafram SoFIFA,lbenz FIFAIndex,237245,237245,Eddie Segura,Eddie Segura,colombia,71.0,71.0,0.0,unique normalized name + nationality exact,"first 100 deterministic SHA256-sorted unique name+nationality joins for lbenz vs Mzafram; spot-check only, not prevalence"
2020,2020,Mzafram SoFIFA,lbenz FIFAIndex,189003,189003,Gaëtan Belaud,Gaëtan Belaud,france,70.0,70.0,0.0,unique normalized name + nationality exact,"first 100 deterministic SHA256-sorted unique name+nationality joins for lbenz vs Mzafram; spot-check only, not prevalence"
2020,2020,Mzafram SoFIFA,lbenz FIFAIndex,219914,219914,Guillermo Varela,Guillermo Varela,uruguay,70.0,70.0,0.0,unique normalized name + nationality exact,"first 100 deterministic SHA256-sorted unique name+nationality joins for lbenz vs Mzafram; spot-check only, not prevalence"
2020,2020,Mzafram SoFIFA,lbenz FIFAIndex,253163,253163,Ronald Araujo,Ronald Araujo,uruguay,66.0,66.0,0.0,unique normalized name + nationality exact,"first 100 deterministic SHA256-sorted unique name+nationality joins for lbenz vs Mzafram; spot-check only, not prevalence"
2020,2020,Mzafram SoFIFA,lbenz FIFAIndex,239207,239207,Maximiliano Gómez,Maximiliano Gómez,uruguay,81.0,81.0,0.0,unique normalized name + nationality exact,"first 100 deterministic SHA256-sorted unique name+nationality joins for lbenz vs Mzafram; spot-check only, not prevalence"
2020,2020,Mzafram SoFIFA,lbenz FIFAIndex,168326,168326,Salvatore Bocchetti,Salvatore Bocchetti,italy,74.0,74.0,0.0,unique normalized name + nationality exact,"first 100 deterministic SHA256-sorted unique name+nationality joins for lbenz vs Mzafram; spot-check only, not prevalence"
2020,2020,Mzafram SoFIFA,lbenz FIFAIndex,237496,237496,Djordje Mihailovic,Djordje Mihailovic,unitedstates,67.0,67.0,0.0,unique normalized name + nationality exact,"first 100 deterministic SHA256-sorted unique name+nationality joins for lbenz vs Mzafram; spot-check only, not prevalence"
2020,2020,Mzafram SoFIFA,lbenz FIFAIndex,192554,192554,Mohammed Abubakari,Mohammed Abubakari,ghana,67.0,67.0,0.0,unique normalized name + nationality exact,"first 100 deterministic SHA256-sorted unique name+nationality joins for lbenz vs Mzafram; spot-check only, not prevalence"
2020,2020,Mzafram SoFIFA,lbenz FIFAIndex,219779,219779,Ebenezer Assifuah,Ebenezer Assifuah,ghana,66.0,66.0,0.0,unique normalized name + nationality exact,"first 100 deterministic SHA256-sorted unique name+nationality joins for lbenz vs Mzafram; spot-check only, not prevalence"
2020,2020,Mzafram SoFIFA,lbenz FIFAIndex,239350,239350,Siriki Dembele,Siriki Dembele,scotland,67.0,67.0,0.0,unique normalized name + nationality exact,"first 100 deterministic SHA256-sorted unique name+nationality joins for lbenz vs Mzafram; spot-check only, not prevalence"
2020,2020,Mzafram SoFIFA,lbenz FIFAIndex,230681,230681,Giuseppe Pezzella,Giuseppe Pezzella,italy,71.0,71.0,0.0,unique normalized name + nationality exact,"first 100 deterministic SHA256-sorted unique name+nationality joins for lbenz vs Mzafram; spot-check only, not prevalence"
2020,2020,Mzafram SoFIFA,lbenz FIFAIndex,162280,162280,Adrian Mierzejewski,Adrian Mierzejewski,poland,76.0,76.0,0.0,unique normalized name + nationality exact,"first 100 deterministic SHA256-sorted unique name+nationality joins for lbenz vs Mzafram; spot-check only, not prevalence"
2020,2020,Mzafram SoFIFA,lbenz FIFAIndex,232510,232510,Tsukasa Shiotani,Tsukasa Shiotani,japan,72.0,72.0,0.0,unique normalized name + nationality exact,"first 100 deterministic SHA256-sorted unique name+nationality joins for lbenz vs Mzafram; spot-check only, not prevalence"
2020,2020,Mzafram SoFIFA,lbenz FIFAIndex,209483,209483,Mouez Hassen,Mouez Hassen,tunisia,69.0,69.0,0.0,unique normalized name + nationality exact,"first 100 deterministic SHA256-sorted unique name+nationality joins for lbenz vs Mzafram; spot-check only, not prevalence"
2020,2020,Mzafram SoFIFA,lbenz FIFAIndex,236744,236744,Matheo Zoch,Matheo Zoch,bolivia,66.0,66.0,0.0,unique normalized name + nationality exact,"first 100 deterministic SHA256-sorted unique name+nationality joins for lbenz vs Mzafram; spot-check only, not prevalence"
2020,2020,Mzafram SoFIFA,lbenz FIFAIndex,229917,229917,Andrea Gasbarro,Andrea Gasbarro,italy,66.0,66.0,0.0,unique normalized name + nationality exact,"first 100 deterministic SHA256-sorted unique name+nationality joins for lbenz vs Mzafram; spot-check only, not prevalence"
2020,2020,Mzafram SoFIFA,lbenz FIFAIndex,239306,239306,Jelle Bataille,Jelle Bataille,belgium,68.0,68.0,0.0,unique normalized name + nationality exact,"first 100 deterministic SHA256-sorted unique name+nationality joins for lbenz vs Mzafram; spot-check only, not prevalence"
2020,2020,Mzafram SoFIFA,lbenz FIFAIndex,207440,207440,Franco Fragapane,Franco Fragapane,argentina,73.0,73.0,0.0,unique normalized name + nationality exact,"first 100 deterministic SHA256-sorted unique name+nationality joins for lbenz vs Mzafram; spot-check only, not prevalence"
2020,2020,Mzafram SoFIFA,lbenz FIFAIndex,241496,241496,Timothy Weah,Timothy Weah,unitedstates,69.0,69.0,0.0,unique normalized name + nationality exact,"first 100 deterministic SHA256-sorted unique name+nationality joins for lbenz vs Mzafram; spot-check only, not prevalence"
2020,2020,Mzafram SoFIFA,lbenz FIFAIndex,205663,205663,Massimiliano Busellato,Massimiliano Busellato,italy,66.0,66.0,0.0,unique normalized name + nationality exact,"first 100 deterministic SHA256-sorted unique name+nationality joins for lbenz vs Mzafram; spot-check only, not prevalence"
2020,2020,Mzafram SoFIFA,lbenz FIFAIndex,243364,243364,Daiki Watari,Daiki Watari,japan,68.0,68.0,0.0,unique normalized name + nationality exact,"first 100 deterministic SHA256-sorted unique name+nationality joins for lbenz vs Mzafram; spot-check only, not prevalence"
2020,2020,Mzafram SoFIFA,lbenz FIFAIndex,239592,239592,José Juan Macías,José Juan Macías,mexico,72.0,72.0,0.0,unique normalized name + nationality exact,"first 100 deterministic SHA256-sorted unique name+nationality joins for lbenz vs Mzafram; spot-check only, not prevalence"
2020,2020,Mzafram SoFIFA,lbenz FIFAIndex,213732,213732,Alexandr Selikhov,Alexandr Selikhov,russia,76.0,76.0,0.0,unique normalized name + nationality exact,"first 100 deterministic SHA256-sorted unique name+nationality joins for lbenz vs Mzafram; spot-check only, not prevalence"
2020,2020,Mzafram SoFIFA,lbenz FIFAIndex,222104,222104,Tosin Adarabioyo,Tosin Adarabioyo,england,71.0,71.0,0.0,unique normalized name + nationality exact,"first 100 deterministic SHA256-sorted unique name+nationality joins for lbenz vs Mzafram; spot-check only, not prevalence"
2020,2020,Mzafram SoFIFA,lbenz FIFAIndex,173546,173546,James Tomkins,James Tomkins,england,77.0,77.0,0.0,unique normalized name + nationality exact,"first 100 deterministic SHA256-sorted unique name+nationality joins for lbenz vs Mzafram; spot-check only, not prevalence"
2020,2020,Mzafram SoFIFA,lbenz FIFAIndex,197948,197948,Florian Lejeune,Florian Lejeune,france,78.0,78.0,0.0,unique normalized name + nationality exact,"first 100 deterministic SHA256-sorted unique name+nationality joins for lbenz vs Mzafram; spot-check only, not prevalence"
2020,2020,Mzafram SoFIFA,lbenz FIFAIndex,242614,242614,Ionuț Nedelcearu,Ionuț Nedelcearu,romania,72.0,72.0,0.0,unique normalized name + nationality exact,"first 100 deterministic SHA256-sorted unique name+nationality joins for lbenz vs Mzafram; spot-check only, not prevalence"
2020,2020,Mzafram SoFIFA,lbenz FIFAIndex,185109,185109,Maciej Sadlok,Maciej Sadlok,poland,69.0,69.0,0.0,unique normalized name + nationality exact,"first 100 deterministic SHA256-sorted unique name+nationality joins for lbenz vs Mzafram; spot-check only, not prevalence"
2020,2020,Mzafram SoFIFA,lbenz FIFAIndex,208974,208974,Hattan Bahebri,Hattan Bahebri,saudiarabia,68.0,68.0,0.0,unique normalized name + nationality exact,"first 100 deterministic SHA256-sorted unique name+nationality joins for lbenz vs Mzafram; spot-check only, not prevalence"
2020,2020,Mzafram SoFIFA,lbenz FIFAIndex,207664,207664,Carlos Bacca,Carlos Bacca,colombia,78.0,78.0,0.0,unique normalized name + nationality exact,"first 100 deterministic SHA256-sorted unique name+nationality joins for lbenz vs Mzafram; spot-check only, not prevalence"
2020,2020,Mzafram SoFIFA,lbenz FIFAIndex,226268,226268,Federico Dimarco,Federico Dimarco,italy,66.0,66.0,0.0,unique normalized name + nationality exact,"first 100 deterministic SHA256-sorted unique name+nationality joins for lbenz vs Mzafram; spot-check only, not prevalence"
2020,2020,Mzafram SoFIFA,lbenz FIFAIndex,212121,212121,Jordi Vanlerberghe,Jordi Vanlerberghe,belgium,70.0,70.0,0.0,unique normalized name + nationality exact,"first 100 deterministic SHA256-sorted unique name+nationality joins for lbenz vs Mzafram; spot-check only, not prevalence"
2020,2020,Mzafram SoFIFA,lbenz FIFAIndex,235451,235451,Matías Cano,Matías Cano,argentina,66.0,66.0,0.0,unique normalized name + nationality exact,"first 100 deterministic SHA256-sorted unique name+nationality joins for lbenz vs Mzafram; spot-check only, not prevalence"
2020,2020,Mzafram SoFIFA,lbenz FIFAIndex,206218,206218,Paul Nardi,Paul Nardi,france,73.0,73.0,0.0,unique normalized name + nationality exact,"first 100 deterministic SHA256-sorted unique name+nationality joins for lbenz vs Mzafram; spot-check only, not prevalence"
2020,2020,Mzafram SoFIFA,lbenz FIFAIndex,177326,177326,Mathieu Valbuena,Mathieu Valbuena,france,80.0,80.0,0.0,unique normalized name + nationality exact,"first 100 deterministic SHA256-sorted unique name+nationality joins for lbenz vs Mzafram; spot-check only, not prevalence"
2020,2020,Mzafram SoFIFA,lbenz FIFAIndex,229476,229476,Waldemar Anton,Waldemar Anton,germany,74.0,74.0,0.0,unique normalized name + nationality exact,"first 100 deterministic SHA256-sorted unique name+nationality joins for lbenz vs Mzafram; spot-check only, not prevalence"
2020,2020,Mzafram SoFIFA,lbenz FIFAIndex,209194,209194,Sebastian Nachreiner,Sebastian Nachreiner,germany,69.0,69.0,0.0,unique normalized name + nationality exact,"first 100 deterministic SHA256-sorted unique name+nationality joins for lbenz vs Mzafram; spot-check only, not prevalence"
2020,2020,Mzafram SoFIFA,lbenz FIFAIndex,156437,156437,Philipp Pentke,Philipp Pentke,germany,73.0,73.0,0.0,unique normalized name + nationality exact,"first 100 deterministic SHA256-sorted unique name+nationality joins for lbenz vs Mzafram; spot-check only, not prevalence"
2020,2020,Mzafram SoFIFA,lbenz FIFAIndex,224067,224067,Jeppe Tverskov,Jeppe Tverskov,denmark,70.0,70.0,0.0,unique normalized name + nationality exact,"first 100 deterministic SHA256-sorted unique name+nationality joins for lbenz vs Mzafram; spot-check only, not prevalence"
2020,2020,Mzafram SoFIFA,lbenz FIFAIndex,240709,240709,Ridle Baku,Ridle Baku,germany,70.0,70.0,0.0,unique normalized name + nationality exact,"first 100 deterministic SHA256-sorted unique name+nationality joins for lbenz vs Mzafram; spot-check only, not prevalence"
2020,2020,Mzafram SoFIFA,lbenz FIFAIndex,209981,209981,Yassine Bounou,Yassine Bounou,morocco,77.0,77.0,0.0,unique normalized name + nationality exact,"first 100 deterministic SHA256-sorted unique name+nationality joins for lbenz vs Mzafram; spot-check only, not prevalence"
2020,2020,Mzafram SoFIFA,lbenz FIFAIndex,215152,215152,Agustín Allione,Agustín Allione,argentina,72.0,72.0,0.0,unique normalized name + nationality exact,"first 100 deterministic SHA256-sorted unique name+nationality joins for lbenz vs Mzafram; spot-check only, not prevalence"
2020,2020,Mzafram SoFIFA,lbenz FIFAIndex,222329,222329,Mateusz Wdowiak,Mateusz Wdowiak,poland,66.0,66.0,0.0,unique normalized name + nationality exact,"first 100 deterministic SHA256-sorted unique name+nationality joins for lbenz vs Mzafram; spot-check only, not prevalence"
2020,2020,Mzafram SoFIFA,lbenz FIFAIndex,242768,242768,Giorgi Kharaishvili,Giorgi Kharaishvili,georgia,69.0,69.0,0.0,unique normalized name + nationality exact,"first 100 deterministic SHA256-sorted unique name+nationality joins for lbenz vs Mzafram; spot-check only, not prevalence"
2020,2020,Mzafram SoFIFA,lbenz FIFAIndex,211009,211009,Darragh Lenihan,Darragh Lenihan,republicofireland,73.0,73.0,0.0,unique normalized name + nationality exact,"first 100 deterministic SHA256-sorted unique name+nationality joins for lbenz vs Mzafram; spot-check only, not prevalence"
2020,2020,Mzafram SoFIFA,lbenz FIFAIndex,234890,234890,Francesco Margiotta,Francesco Margiotta,italy,66.0,66.0,0.0,unique normalized name + nationality exact,"first 100 deterministic SHA256-sorted unique name+nationality joins for lbenz vs Mzafram; spot-check only, not prevalence"
2020,2020,Mzafram SoFIFA,lbenz FIFAIndex,218353,218353,Aaron Appindangoye,Aaron Appindangoye,gabon,69.0,69.0,0.0,unique normalized name + nationality exact,"first 100 deterministic SHA256-sorted unique name+nationality joins for lbenz vs Mzafram; spot-check only, not prevalence"
2020,2020,Mzafram SoFIFA,lbenz FIFAIndex,234396,234396,Alphonso Davies,Alphonso Davies,canada,77.0,77.0,0.0,unique normalized name + nationality exact,"first 100 deterministic SHA256-sorted unique name+nationality joins for lbenz vs Mzafram; spot-check only, not prevalence"
2020,2020,Mzafram SoFIFA,lbenz FIFAIndex,192567,192567,Matthias Zimmermann,Matthias Zimmermann,germany,72.0,72.0,0.0,unique normalized name + nationality exact,"first 100 deterministic SHA256-sorted unique name+nationality joins for lbenz vs Mzafram; spot-check only, not prevalence"
2020,2020,Mzafram SoFIFA,lbenz FIFAIndex,185405,185405,Dušan Kuciak,Dušan Kuciak,slovakia,71.0,71.0,0.0,unique normalized name + nationality exact,"first 100 deterministic SHA256-sorted unique name+nationality joins for lbenz vs Mzafram; spot-check only, not prevalence"
2020,2020,Mzafram SoFIFA,lbenz FIFAIndex,223231,223231,Florin Tănase,Florin Tănase,romania,72.0,72.0,0.0,unique normalized name + nationality exact,"first 100 deterministic SHA256-sorted unique name+nationality joins for lbenz vs Mzafram; spot-check only, not prevalence"
2020,2020,Mzafram SoFIFA,lbenz FIFAIndex,204164,204164,Alexander Ludwig,Alexander Ludwig,denmark,67.0,67.0,0.0,unique normalized name + nationality exact,"first 100 deterministic SHA256-sorted unique name+nationality joins for lbenz vs Mzafram; spot-check only, not prevalence"
2020,2020,Mzafram SoFIFA,lbenz FIFAIndex,177475,177475,Tobias Sippel,Tobias Sippel,germany,74.0,74.0,0.0,unique normalized name + nationality exact,"first 100 deterministic SHA256-sorted unique name+nationality joins for lbenz vs Mzafram; spot-check only, not prevalence"
2020,2020,Mzafram SoFIFA,lbenz FIFAIndex,152912,152912,José Sand,José Sand,argentina,76.0,76.0,0.0,unique normalized name + nationality exact,"first 100 deterministic SHA256-sorted unique name+nationality joins for lbenz vs Mzafram; spot-check only, not prevalence"
2020,2020,Mzafram SoFIFA,lbenz FIFAIndex,210653,210653,Luis Quintana,Luis Quintana,mexico,72.0,72.0,0.0,unique normalized name + nationality exact,"first 100 deterministic SHA256-sorted unique name+nationality joins for lbenz vs Mzafram; spot-check only, not prevalence"
2020,2020,Mzafram SoFIFA,lbenz FIFAIndex,214459,214459,César Valenzuela,César Valenzuela,chile,69.0,69.0,0.0,unique normalized name + nationality exact,"first 100 deterministic SHA256-sorted unique name+nationality joins for lbenz vs Mzafram; spot-check only, not prevalence"
2020,2020,Mzafram SoFIFA,lbenz FIFAIndex,242995,242995,Joseph Mora,Joseph Mora,costarica,67.0,67.0,0.0,unique normalized name + nationality exact,"first 100 deterministic SHA256-sorted unique name+nationality joins for lbenz vs Mzafram; spot-check only, not prevalence"
2020,2020,Mzafram SoFIFA,lbenz FIFAIndex,205565,205565,Dave Bulthuis,Dave Bulthuis,netherlands,69.0,69.0,0.0,unique normalized name + nationality exact,"first 100 deterministic SHA256-sorted unique name+nationality joins for lbenz vs Mzafram; spot-check only, not prevalence"
2020,2020,Mzafram SoFIFA,lbenz FIFAIndex,237461,237461,Cristian Colmán,Cristian Colmán,paraguay,67.0,67.0,0.0,unique normalized name + nationality exact,"first 100 deterministic SHA256-sorted unique name+nationality joins for lbenz vs Mzafram; spot-check only, not prevalence"
2020,2020,Mzafram SoFIFA,lbenz FIFAIndex,231967,231967,Mārcis Ošs,Mārcis Ošs,latvia,66.0,66.0,0.0,unique normalized name + nationality exact,"first 100 deterministic SHA256-sorted unique name+nationality joins for lbenz vs Mzafram; spot-check only, not prevalence"
2020,2020,Mzafram SoFIFA,lbenz FIFAIndex,221885,221885,Paul Seguin,Paul Seguin,germany,70.0,69.0,-1.0,unique normalized name + nationality exact,"first 100 deterministic SHA256-sorted unique name+nationality joins for lbenz vs Mzafram; spot-check only, not prevalence"
2020,2020,Mzafram SoFIFA,lbenz FIFAIndex,220968,220968,Ahmed El Messaoudi,Ahmed El Messaoudi,morocco,69.0,69.0,0.0,unique normalized name + nationality exact,"first 100 deterministic SHA256-sorted unique name+nationality joins for lbenz vs Mzafram; spot-check only, not prevalence"
2020,2020,Mzafram SoFIFA,lbenz FIFAIndex,210463,210463,Darwin Machís,Darwin Machís,venezuela,76.0,76.0,0.0,unique normalized name + nationality exact,"first 100 deterministic SHA256-sorted unique name+nationality joins for lbenz vs Mzafram; spot-check only, not prevalence"
2020,2020,Mzafram SoFIFA,lbenz FIFAIndex,216352,216352,Marcelo Brozović,Marcelo Brozović,croatia,83.0,83.0,0.0,unique normalized name + nationality exact,"first 100 deterministic SHA256-sorted unique name+nationality joins for lbenz vs Mzafram; spot-check only, not prevalence"
2020,2020,Mzafram SoFIFA,lbenz FIFAIndex,235663,235663,Guus Til,Guus Til,netherlands,75.0,75.0,0.0,unique normalized name + nationality exact,"first 100 deterministic SHA256-sorted unique name+nationality joins for lbenz vs Mzafram; spot-check only, not prevalence"
2020,2020,Mzafram SoFIFA,lbenz FIFAIndex,194163,194163,Jukka Raitala,Jukka Raitala,finland,68.0,68.0,0.0,unique normalized name + nationality exact,"first 100 deterministic SHA256-sorted unique name+nationality joins for lbenz vs Mzafram; spot-check only, not prevalence"
2020,2020,Mzafram SoFIFA,lbenz FIFAIndex,190592,190592,Michael Sollbauer,Michael Sollbauer,austria,69.0,69.0,0.0,unique normalized name + nationality exact,"first 100 deterministic SHA256-sorted unique name+nationality joins for lbenz vs Mzafram; spot-check only, not prevalence"
2020,2020,Mzafram SoFIFA,lbenz FIFAIndex,205073,205073,Filip Kiss,Filip Kiss,slovakia,70.0,70.0,0.0,unique normalized name + nationality exact,"first 100 deterministic SHA256-sorted unique name+nationality joins for lbenz vs Mzafram; spot-check only, not prevalence"
2020,2020,Mzafram SoFIFA,lbenz FIFAIndex,164853,164853,Adam Federici,Adam Federici,australia,70.0,70.0,0.0,unique normalized name + nationality exact,"first 100 deterministic SHA256-sorted unique name+nationality joins for lbenz vs Mzafram; spot-check only, not prevalence"
2020,2020,Mzafram SoFIFA,lbenz FIFAIndex,219409,219409,Vyacheslav Karavaev,Vyacheslav Karavaev,russia,73.0,73.0,0.0,unique normalized name + nationality exact,"first 100 deterministic SHA256-sorted unique name+nationality joins for lbenz vs Mzafram; spot-check only, not prevalence"
2020,2020,Mzafram SoFIFA,lbenz FIFAIndex,244706,244706,Kevin Behrens,Kevin Behrens,germany,69.0,69.0,0.0,unique normalized name + nationality exact,"first 100 deterministic SHA256-sorted unique name+nationality joins for lbenz vs Mzafram; spot-check only, not prevalence"
2020,2020,Mzafram SoFIFA,lbenz FIFAIndex,228815,228815,Tyler Roberts,Tyler Roberts,wales,70.0,70.0,0.0,unique normalized name + nationality exact,"first 100 deterministic SHA256-sorted unique name+nationality joins for lbenz vs Mzafram; spot-check only, not prevalence"
2020,2020,Mzafram SoFIFA,lbenz FIFAIndex,220131,220131,Mbaye Diagne,Mbaye Diagne,senegal,75.0,75.0,0.0,unique normalized name + nationality exact,"first 100 deterministic SHA256-sorted unique name+nationality joins for lbenz vs Mzafram; spot-check only, not prevalence"
2020,2020,Mzafram SoFIFA,lbenz FIFAIndex,194945,194945,Roland Varga,Roland Varga,hungary,71.0,71.0,0.0,unique normalized name + nationality exact,"first 100 deterministic SHA256-sorted unique name+nationality joins for lbenz vs Mzafram; spot-check only, not prevalence"
2020,2020,Mzafram SoFIFA,lbenz FIFAIndex,210697,210697,Christian Nørgaard,Christian Nørgaard,denmark,73.0,73.0,0.0,unique normalized name + nationality exact,"first 100 deterministic SHA256-sorted unique name+nationality joins for lbenz vs Mzafram; spot-check only, not prevalence"
2020,2020,Mzafram SoFIFA,lbenz FIFAIndex,210324,210324,Jonas Hofmann,Jonas Hofmann,germany,78.0,78.0,0.0,unique normalized name + nationality exact,"first 100 deterministic SHA256-sorted unique name+nationality joins for lbenz vs Mzafram; spot-check only, not prevalence"
2020,2020,Mzafram SoFIFA,lbenz FIFAIndex,189165,189165,Jonjo Shelvey,Jonjo Shelvey,england,78.0,78.0,0.0,unique normalized name + nationality exact,"first 100 deterministic SHA256-sorted unique name+nationality joins for lbenz vs Mzafram; spot-check only, not prevalence"
2020,2020,Mzafram SoFIFA,lbenz FIFAIndex,224876,224876,Marcos Curado,Marcos Curado,argentina,67.0,67.0,0.0,unique normalized name + nationality exact,"first 100 deterministic SHA256-sorted unique name+nationality joins for lbenz vs Mzafram; spot-check only, not prevalence"
2020,2020,Mzafram SoFIFA,lbenz FIFAIndex,209484,209484,Hadi Sacko,Hadi Sacko,mali,68.0,68.0,0.0,unique normalized name + nationality exact,"first 100 deterministic SHA256-sorted unique name+nationality joins for lbenz vs Mzafram; spot-check only, not prevalence"
2020,2020,Mzafram SoFIFA,lbenz FIFAIndex,192205,192205,Rene Krhin,Rene Krhin,slovenia,72.0,72.0,0.0,unique normalized name + nationality exact,"first 100 deterministic SHA256-sorted unique name+nationality joins for lbenz vs Mzafram; spot-check only, not prevalence"
2020,2020,Mzafram SoFIFA,lbenz FIFAIndex,238072,238072,Eduard Löwen,Eduard Löwen,germany,74.0,74.0,0.0,unique normalized name + nationality exact,"first 100 deterministic SHA256-sorted unique name+nationality joins for lbenz vs Mzafram; spot-check only, not prevalence"
2020,2020,Mzafram SoFIFA,lbenz FIFAIndex,220534,220534,Sebastiano Luperto,Sebastiano Luperto,italy,72.0,72.0,0.0,unique normalized name + nationality exact,"first 100 deterministic SHA256-sorted unique name+nationality joins for lbenz vs Mzafram; spot-check only, not prevalence"
2020,2020,Mzafram SoFIFA,lbenz FIFAIndex,241696,241696,Hernán De la Fuente,Hernán De la Fuente,argentina,71.0,71.0,0.0,unique normalized name + nationality exact,"first 100 deterministic SHA256-sorted unique name+nationality joins for lbenz vs Mzafram; spot-check only, not prevalence"
2020,2020,Mzafram SoFIFA,lbenz FIFAIndex,159080,159080,Craig Bryson,Craig Bryson,scotland,69.0,69.0,0.0,unique normalized name + nationality exact,"first 100 deterministic SHA256-sorted unique name+nationality joins for lbenz vs Mzafram; spot-check only, not prevalence"
2020,2020,Mzafram SoFIFA,lbenz FIFAIndex,221665,221665,Rasmus Lindkvist,Rasmus Lindkvist,sweden,67.0,67.0,0.0,unique normalized name + nationality exact,"first 100 deterministic SHA256-sorted unique name+nationality joins for lbenz vs Mzafram; spot-check only, not prevalence"
2020,2020,Mzafram SoFIFA,lbenz FIFAIndex,204193,204193,Tom Trybull,Tom Trybull,germany,73.0,73.0,0.0,unique normalized name + nationality exact,"first 100 deterministic SHA256-sorted unique name+nationality joins for lbenz vs Mzafram; spot-check only, not prevalence"
2020,2020,Mzafram SoFIFA,lbenz FIFAIndex,224444,224444,Haris Belkebla,Haris Belkebla,algeria,73.0,73.0,0.0,unique normalized name + nationality exact,"first 100 deterministic SHA256-sorted unique name+nationality joins for lbenz vs Mzafram; spot-check only, not prevalence"
2020,2020,Mzafram SoFIFA,lbenz FIFAIndex,245237,245237,Ignacio Saavedra,Ignacio Saavedra,chile,67.0,67.0,0.0,unique normalized name + nationality exact,"first 100 deterministic SHA256-sorted unique name+nationality joins for lbenz vs Mzafram; spot-check only, not prevalence"
2020,2020,Mzafram SoFIFA,lbenz FIFAIndex,241695,241695,Jonathan Amon,Jonathan Amon,unitedstates,66.0,66.0,0.0,unique normalized name + nationality exact,"first 100 deterministic SHA256-sorted unique name+nationality joins for lbenz vs Mzafram; spot-check only, not prevalence"
2020,2020,Mzafram SoFIFA,lbenz FIFAIndex,238988,238988,Maximilian Ullmann,Maximilian Ullmann,austria,72.0,72.0,0.0,unique normalized name + nationality exact,"first 100 deterministic SHA256-sorted unique name+nationality joins for lbenz vs Mzafram; spot-check only, not prevalence"
2020,2020,Mzafram SoFIFA,lbenz FIFAIndex,225574,225574,Andrés Murillo,Andrés Murillo,colombia,66.0,66.0,0.0,unique normalized name + nationality exact,"first 100 deterministic SHA256-sorted unique name+nationality joins for lbenz vs Mzafram; spot-check only, not prevalence"
