year,source_a,source_b,unique_exact_name_nationality_joins,overall_equal_n,overall_different_n,different_pct,mean_delta_b_minus_a,median_absolute_delta,mean_absolute_delta,identity_policy
2007,Mzafram SoFIFA,lbenz FIFAIndex,8530,4629,3901,0.457327,-0.4603751465416178,0.0,0.47561547479484173,exact normalized full/alias name plus nationality; unique row in each source edition only
2008,Mzafram SoFIFA,lbenz FIFAIndex,8466,4579,3887,0.459131,-0.46125679187337587,0.0,0.4796834396409166,exact normalized full/alias name plus nationality; unique row in each source edition only
2009,Mzafram SoFIFA,lbenz FIFAIndex,8486,6404,2082,0.245345,-0.224840914447325,0.0,0.6521329248173462,exact normalized full/alias name plus nationality; unique row in each source edition only
2010,Mzafram SoFIFA,lbenz FIFAIndex,8567,4936,3631,0.423836,-0.06851873467958446,0.0,0.8678650636162017,exact normalized full/alias name plus nationality; unique row in each source edition only
2011,Mzafram SoFIFA,lbenz FIFAIndex,6460,2989,3471,0.537307,-0.010835913312693499,1.0,1.1278637770897832,exact normalized full/alias name plus nationality; unique row in each source edition only
2012,Mzafram SoFIFA,lbenz FIFAIndex,7345,7344,1,0.000136,0.0014976174268209667,0.0,0.0014976174268209667,exact normalized full/alias name plus nationality; unique row in each source edition only
2013,Mzafram SoFIFA,lbenz FIFAIndex,7485,7483,2,0.000267,0.0052104208416833666,0.0,0.0052104208416833666,exact normalized full/alias name plus nationality; unique row in each source edition only
2014,Mzafram SoFIFA,lbenz FIFAIndex,7677,7676,1,0.00013,0.0013025921583952064,0.0,0.0013025921583952064,exact normalized full/alias name plus nationality; unique row in each source edition only
2015,Mzafram SoFIFA,lbenz FIFAIndex,7818,7817,1,0.000128,0.0007674597083653108,0.0,0.0007674597083653108,exact normalized full/alias name plus nationality; unique row in each source edition only
2015,Stefano legacy,Mzafram SoFIFA,18199,8901,9298,0.510907,0.3597450409363152,1.0,1.1085773943623276,exact normalized full/alias name plus nationality; unique row in each source edition only
2015,Stefano legacy,lbenz FIFAIndex,6235,2850,3385,0.542903,0.3998396150761828,1.0,1.1828388131515637,exact normalized full/alias name plus nationality; unique row in each source edition only
2016,Mzafram SoFIFA,lbenz FIFAIndex,7537,7534,3,0.000398,0.0009287514926363275,0.0,0.0009287514926363275,exact normalized full/alias name plus nationality; unique row in each source edition only
2016,Stefano legacy,Mzafram SoFIFA,18393,9531,8862,0.481814,0.3150111455445006,0.0,1.0097319632468873,exact normalized full/alias name plus nationality; unique row in each source edition only
2016,Stefano legacy,lbenz FIFAIndex,5979,2837,3142,0.525506,0.2987121592239505,1.0,1.072085633049005,exact normalized full/alias name plus nationality; unique row in each source edition only
2017,Mzafram SoFIFA,lbenz FIFAIndex,7517,7515,2,0.000266,0.0006651589729945457,0.0,0.0006651589729945457,exact normalized full/alias name plus nationality; unique row in each source edition only
2017,Stefano legacy,Mzafram SoFIFA,19627,8957,10670,0.543639,0.3760126356549651,1.0,1.1447495796606715,exact normalized full/alias name plus nationality; unique row in each source edition only
2017,Stefano legacy,lbenz FIFAIndex,6324,2593,3731,0.589975,0.34234661606578115,1.0,1.2224857685009487,exact normalized full/alias name plus nationality; unique row in each source edition only
2018,Mzafram SoFIFA,lbenz FIFAIndex,7627,7626,1,0.000131,0.0007866789038940606,0.0,0.0007866789038940606,exact normalized full/alias name plus nationality; unique row in each source edition only
2018,Stefano legacy,Mzafram SoFIFA,20106,9075,11031,0.548642,0.43404953745150704,1.0,1.1340395901720879,exact normalized full/alias name plus nationality; unique row in each source edition only
2018,Stefano legacy,lbenz FIFAIndex,6404,2725,3679,0.574485,0.3802311055590256,1.0,1.1391317926296065,exact normalized full/alias name plus nationality; unique row in each source edition only
2019,Mzafram SoFIFA,lbenz FIFAIndex,7489,7488,1,0.000134,0.00013352917612498332,0.0,0.00013352917612498332,exact normalized full/alias name plus nationality; unique row in each source edition only
2019,Stefano legacy,Mzafram SoFIFA,19170,7802,11368,0.59301,0.5038080333854982,1.0,1.2147104851330204,exact normalized full/alias name plus nationality; unique row in each source edition only
2019,Stefano legacy,lbenz FIFAIndex,6233,2383,3850,0.61768,0.4681533771859458,1.0,1.2366436707845339,exact normalized full/alias name plus nationality; unique row in each source edition only
2020,Mzafram SoFIFA,lbenz FIFAIndex,7406,7330,76,0.010262,0.0032406157169862274,0.0,0.010802052389954091,exact normalized full/alias name plus nationality; unique row in each source edition only
2020,Stefano legacy,Mzafram SoFIFA,19476,8442,11034,0.566543,0.36829944547134935,1.0,1.0550934483466832,exact normalized full/alias name plus nationality; unique row in each source edition only
2020,Stefano legacy,lbenz FIFAIndex,6015,2465,3550,0.590191,0.2829592684954281,1.0,1.0433915211970075,exact normalized full/alias name plus nationality; unique row in each source edition only
2021,Stefano legacy,Mzafram SoFIFA,18876,7203,11673,0.618404,0.4721339266793812,1.0,1.2529137529137528,exact normalized full/alias name plus nationality; unique row in each source edition only
2022,Stefano legacy,Mzafram SoFIFA,20025,8297,11728,0.585668,0.37343320848938827,1.0,1.1250936329588015,exact normalized full/alias name plus nationality; unique row in each source edition only
2023,Stefano legacy,Mzafram SoFIFA,21108,8799,12309,0.583144,0.3594371802160318,1.0,1.1001989766913018,exact normalized full/alias name plus nationality; unique row in each source edition only
