source,edition,rows,raw_columns,overall_nonnull,potential_nonnull,identity_key,position_rating_targets,snapshot_kind,lineage_status,availability,overall_mean,overall_median,overall_std,overall_min,overall_max
Stefano legacy,15,16182,82,16182,16182,player_id,27 base+modifier strings,second-year-update legacy snapshot,Kaggle legacy member observed; second-year-update vintage; original scrape lineage/version id unresolved.,available file observed,63.828822148065754,64.0,7.166142108361056,40.0,93.0
Stefano legacy,16,16679,82,16679,16679,player_id,27 base+modifier strings,second-year-update legacy snapshot,Kaggle legacy member observed; second-year-update vintage; original scrape lineage/version id unresolved.,available file observed,65.30595359434018,65.0,7.135510188788237,44.0,94.0
Stefano legacy,17,17566,82,17566,17566,player_id,27 base+modifier strings,second-year-update legacy snapshot,Kaggle legacy member observed; second-year-update vintage; original scrape lineage/version id unresolved.,available file observed,66.08818171467608,66.0,7.15178553579401,45.0,94.0
Stefano legacy,18,17928,82,17928,17928,player_id,27 base+modifier strings,second-year-update legacy snapshot,Kaggle legacy member observed; second-year-update vintage; original scrape lineage/version id unresolved.,available file observed,66.23828647925033,66.0,6.995568337083431,46.0,94.0
Stefano legacy,19,18086,82,18086,18086,player_id,27 base+modifier strings,second-year-update legacy snapshot,Kaggle legacy member observed; second-year-update vintage; original scrape lineage/version id unresolved.,available file observed,66.1482914961849,66.0,7.01260410184705,47.0,94.0
Stefano legacy,20,18483,82,18483,18483,player_id,27 base+modifier strings,second-year-update legacy snapshot,Kaggle legacy member observed; second-year-update vintage; original scrape lineage/version id unresolved.,available file observed,66.19888546231672,66.0,6.950738689509549,48.0,94.0
Stefano legacy,21,18887,82,18887,18887,player_id,27 base+modifier strings,second-year-update legacy snapshot,Kaggle legacy member observed; second-year-update vintage; original scrape lineage/version id unresolved.,available file observed,65.66680785725632,66.0,6.99893804712998,47.0,93.0
Stefano legacy,22,19239,82,19239,19239,player_id,27 base+modifier strings,second-year-update legacy snapshot,Kaggle legacy member observed; second-year-update vintage; original scrape lineage/version id unresolved.,available file observed,65.77218150631529,66.0,6.8800526950493825,47.0,93.0
Stefano legacy,23,18533,82,18533,18533,player_id,27 base+modifier strings,second-year-update legacy snapshot,Kaggle legacy member observed; second-year-update vintage; original scrape lineage/version id unresolved.,available file observed,65.815572222522,66.0,6.812936401007664,46.0,91.0
Mzafram SoFIFA,FC24,18508,59,18508,18508,sofifa_id,none; native positions only,single retrieved CSV snapshot,Current repository identifies SoFIFA as its source; historical per-edition origin and update vintage UNRESOLVED.,available file observed,65.91457748000865,66.0,6.688877489713455,50.0,91.0
Mzafram SoFIFA,FC25,18507,59,18507,18507,sofifa_id,none; native positions only,single retrieved CSV snapshot,Current repository identifies SoFIFA as its source; historical per-edition origin and update vintage UNRESOLVED.,available file observed,65.82044631760955,66.0,6.810158133405518,50.0,91.0
Mzafram SoFIFA,FIFA07,10907,59,10907,10907,sofifa_id,none; native positions only,single retrieved CSV snapshot,Current repository identifies SoFIFA as its source; historical per-edition origin and update vintage UNRESOLVED.,available file observed,64.79444393508756,65.0,9.12397996927518,28.0,93.0
Mzafram SoFIFA,FIFA08,12800,59,12800,12800,sofifa_id,none; native positions only,single retrieved CSV snapshot,Current repository identifies SoFIFA as its source; historical per-edition origin and update vintage UNRESOLVED.,available file observed,63.789375,64.0,9.253758336988005,30.0,91.0
Mzafram SoFIFA,FIFA09,16198,59,16198,16198,sofifa_id,none; native positions only,single retrieved CSV snapshot,Current repository identifies SoFIFA as its source; historical per-edition origin and update vintage UNRESOLVED.,available file observed,62.32578096061242,62.0,8.678448134567398,33.0,91.0
Mzafram SoFIFA,FIFA10,16700,59,16700,16700,sofifa_id,none; native positions only,single retrieved CSV snapshot,Current repository identifies SoFIFA as its source; historical per-edition origin and update vintage UNRESOLVED.,available file observed,62.891676646706586,63.0,8.45567181314473,35.0,90.0
Mzafram SoFIFA,FIFA11,15204,59,15204,15204,sofifa_id,none; native positions only,single retrieved CSV snapshot,Current repository identifies SoFIFA as its source; historical per-edition origin and update vintage UNRESOLVED.,available file observed,63.91890292028413,64.0,7.623468518382575,40.0,90.0
Mzafram SoFIFA,FIFA12,14455,59,14455,14455,sofifa_id,none; native positions only,single retrieved CSV snapshot,Current repository identifies SoFIFA as its source; historical per-edition origin and update vintage UNRESOLVED.,available file observed,64.31802144586648,64.0,7.42467329001037,40.0,94.0
Mzafram SoFIFA,FIFA13,14975,59,14975,14975,sofifa_id,none; native positions only,single retrieved CSV snapshot,Current repository identifies SoFIFA as its source; historical per-edition origin and update vintage UNRESOLVED.,available file observed,64.10010016694491,64.0,7.396651093726168,41.0,94.0
Mzafram SoFIFA,FIFA14,16607,59,16607,16607,sofifa_id,none; native positions only,single retrieved CSV snapshot,Current repository identifies SoFIFA as its source; historical per-edition origin and update vintage UNRESOLVED.,available file observed,63.938820979105195,64.0,7.202629611006527,31.0,94.0
Mzafram SoFIFA,FIFA15,16423,59,16423,16423,sofifa_id,none; native positions only,single retrieved CSV snapshot,Current repository identifies SoFIFA as its source; historical per-edition origin and update vintage UNRESOLVED.,available file observed,63.72562869146928,64.0,7.191078127287767,40.0,93.0
Mzafram SoFIFA,FIFA16,17026,59,17026,17026,sofifa_id,none; native positions only,single retrieved CSV snapshot,Current repository identifies SoFIFA as its source; historical per-edition origin and update vintage UNRESOLVED.,available file observed,65.19399741571713,65.0,7.175045453134438,44.0,94.0
Mzafram SoFIFA,FIFA17,17540,59,17540,17540,sofifa_id,none; native positions only,single retrieved CSV snapshot,Current repository identifies SoFIFA as its source; historical per-edition origin and update vintage UNRESOLVED.,available file observed,66.14686431014823,66.0,7.011229295464791,45.0,94.0
Mzafram SoFIFA,FIFA18,17943,59,17943,17943,sofifa_id,none; native positions only,single retrieved CSV snapshot,Current repository identifies SoFIFA as its source; historical per-edition origin and update vintage UNRESOLVED.,available file observed,66.23201248397704,66.0,6.926864268110092,46.0,94.0
Mzafram SoFIFA,FIFA19,17958,59,17958,17958,sofifa_id,none; native positions only,single retrieved CSV snapshot,Current repository identifies SoFIFA as its source; historical per-edition origin and update vintage UNRESOLVED.,available file observed,66.29173627352712,66.0,6.922094416872957,46.0,94.0
Mzafram SoFIFA,FIFA20,18490,59,18490,18490,sofifa_id,none; native positions only,single retrieved CSV snapshot,Current repository identifies SoFIFA as its source; historical per-edition origin and update vintage UNRESOLVED.,available file observed,66.88848025959979,66.0,6.158884441243335,55.0,94.0
Mzafram SoFIFA,FIFA21,18483,59,18483,18483,sofifa_id,none; native positions only,single retrieved CSV snapshot,Current repository identifies SoFIFA as its source; historical per-edition origin and update vintage UNRESOLVED.,available file observed,66.1934209814424,66.0,6.507357153762301,52.0,93.0
Mzafram SoFIFA,FIFA22,18474,59,18474,18474,sofifa_id,none; native positions only,single retrieved CSV snapshot,Current repository identifies SoFIFA as its source; historical per-edition origin and update vintage UNRESOLVED.,available file observed,66.34648695463895,66.0,6.232317791114321,53.0,92.0
Mzafram SoFIFA,FIFA23,18462,59,18462,18462,sofifa_id,none; native positions only,single retrieved CSV snapshot,Current repository identifies SoFIFA as its source; historical per-edition origin and update vintage UNRESOLVED.,available file observed,65.92449355432781,66.0,6.630443014216112,50.0,91.0
lbenz FIFAIndex,05,10993,64,10993,0,player_id,none; preferred/club/country positions,single retrieved CSV snapshot,Attributed to FIFAIndex by dataset; immutable source release and historical snapshot vintage UNRESOLVED.,available file observed,62.87537523878832,63.0,9.768191360525666,39.0,97.0
lbenz FIFAIndex,06,10176,64,10176,0,player_id,none; preferred/club/country positions,single retrieved CSV snapshot,Attributed to FIFAIndex by dataset; immutable source release and historical snapshot vintage UNRESOLVED.,available file observed,63.613895440251575,63.0,9.490509551092698,22.0,95.0
lbenz FIFAIndex,07,10500,64,10500,0,player_id,none; preferred/club/country positions,single retrieved CSV snapshot,Attributed to FIFAIndex by dataset; immutable source release and historical snapshot vintage UNRESOLVED.,available file observed,65.11571428571429,65.0,8.353159693837314,39.0,92.0
lbenz FIFAIndex,08,10500,64,10500,0,player_id,none; preferred/club/country positions,single retrieved CSV snapshot,Attributed to FIFAIndex by dataset; immutable source release and historical snapshot vintage UNRESOLVED.,available file observed,66.16114285714286,66.0,7.26745744683081,39.0,91.0
lbenz FIFAIndex,09,10500,64,10500,0,player_id,none; preferred/club/country positions,single retrieved CSV snapshot,Attributed to FIFAIndex by dataset; immutable source release and historical snapshot vintage UNRESOLVED.,available file observed,66.52866666666667,66.0,6.4703158922908655,39.0,91.0
lbenz FIFAIndex,10,10500,64,10500,0,player_id,none; preferred/club/country positions,single retrieved CSV snapshot,Attributed to FIFAIndex by dataset; immutable source release and historical snapshot vintage UNRESOLVED.,available file observed,67.37533333333333,67.0,6.180597993362419,39.0,90.0
lbenz FIFAIndex,11,10478,64,10478,0,player_id,none; preferred/club/country positions,single retrieved CSV snapshot,Attributed to FIFAIndex by dataset; immutable source release and historical snapshot vintage UNRESOLVED.,available file observed,67.54428326016415,67.0,5.872889699226991,39.0,90.0
lbenz FIFAIndex,12,10500,64,10500,0,player_id,none; preferred/club/country positions,single retrieved CSV snapshot,Attributed to FIFAIndex by dataset; immutable source release and historical snapshot vintage UNRESOLVED.,available file observed,67.58209523809523,67.0,5.872812532215612,39.0,94.0
lbenz FIFAIndex,13,10500,64,10500,0,player_id,none; preferred/club/country positions,single retrieved CSV snapshot,Attributed to FIFAIndex by dataset; immutable source release and historical snapshot vintage UNRESOLVED.,available file observed,67.61571428571429,67.0,5.79517374851783,39.0,94.0
lbenz FIFAIndex,14,10500,64,10500,0,player_id,none; preferred/club/country positions,single retrieved CSV snapshot,Attributed to FIFAIndex by dataset; immutable source release and historical snapshot vintage UNRESOLVED.,available file observed,68.11866666666667,67.0,5.327825799144689,39.0,94.0
lbenz FIFAIndex,15,10500,64,10500,0,player_id,none; preferred/club/country positions,single retrieved CSV snapshot,Attributed to FIFAIndex by dataset; immutable source release and historical snapshot vintage UNRESOLVED.,available file observed,67.85,67.0,5.369177909938488,39.0,93.0
lbenz FIFAIndex,16,10499,64,10499,0,player_id,none; preferred/club/country positions,single retrieved CSV snapshot,Attributed to FIFAIndex by dataset; immutable source release and historical snapshot vintage UNRESOLVED.,available file observed,69.55195732926946,69.0,5.131162832182472,39.0,94.0
lbenz FIFAIndex,17,10500,64,10500,0,player_id,none; preferred/club/country positions,single retrieved CSV snapshot,Attributed to FIFAIndex by dataset; immutable source release and historical snapshot vintage UNRESOLVED.,available file observed,70.59847619047619,70.0,4.93438060588346,39.0,94.0
lbenz FIFAIndex,18,10500,64,10500,0,player_id,none; preferred/club/country positions,single retrieved CSV snapshot,Attributed to FIFAIndex by dataset; immutable source release and historical snapshot vintage UNRESOLVED.,available file observed,70.72133333333333,70.0,4.879311244655563,39.0,94.0
lbenz FIFAIndex,19,10500,64,10500,0,player_id,none; preferred/club/country positions,single retrieved CSV snapshot,Attributed to FIFAIndex by dataset; immutable source release and historical snapshot vintage UNRESOLVED.,available file observed,70.81438095238096,70.0,4.897727640993471,39.0,94.0
lbenz FIFAIndex,20,10500,64,10500,0,player_id,none; preferred/club/country positions,single retrieved CSV snapshot,Attributed to FIFAIndex by dataset; immutable source release and historical snapshot vintage UNRESOLVED.,available file observed,71.09971428571428,70.0,4.776117163184189,39.0,94.0
FIFA18 demo SoFIFA,18,17981,75,17981,17981,ID,27 scalar position ratings,single retrieved demo dataset,FIFA18 demo per dataset listing; actual local file fields and rows observed; underlying origin remains third-party.,available file observed,66.24798398309326,66.0,6.98777102178669,46.0,94.0
Mzafram SoFIFA,FC26,0,0,0,0,sofifa_id,none observed; no retrieved file,expected candidate; live tree lacks blob,UNRESOLVED: current live repository tree/API/raw at pinned main SHA has no FC26 data file; stale indexed listing is superseded.,unavailable: fresh API/tree/raw returned HTTP 404 at repository main SHA 90c4a0dd4423803ec5d025a8a3611fae2fe7dbf0,,,,,
